date,timestamp_sunrise,timestamp_noon,timestamp_sundown
2023-01-01,2023-01-01 07:00:00+00:00,2023-01-01 11:46:00+00:00,2023-01-01 16:00:00+00:00
2023-01-02,2023-01-02 07:00:00+00:00,2023-01-02 11:46:00+00:00,2023-01-02 16:00:00+00:00
2023-01-03,2023-01-03 07:00:00+00:00,2023-01-03 11:47:00+00:00,2023-01-03 16:00:00+00:00
2023-01-04,2023-01-04 07:00:00+00:00,2023-01-04 11:47:00+00:00,2023-01-04 16:00:00+00:00
2023-01-05,2023-01-05 07:00:00+00:00,2023-01-05 11:48:00+00:00,2023-01-05 16:00:00+00:00
2023-01-06,2023-01-06 07:00:00+00:00,2023-01-06 11:48:00+00:00,2023-01-06 16:00:00+00:00
2023-01-07,2023-01-07 07:00:00+00:00,2023-01-07 11:49:00+00:00,2023-01-07 16:00:00+00:00
2023-01-08,2023-01-08 07:00:00+00:00,2023-01-08 11:49:00+00:00,2023-01-08 16:00:00+00:00
2023-01-09,2023-01-09 07:00:00+00:00,2023-01-09 11:50:00+00:00,2023-01-09 16:00:00+00:00
2023-01-10,2023-01-10 07:00:00+00:00,2023-01-10 11:50:00+00:00,2023-01-10 16:00:00+00:00
2023-01-11,2023-01-11 07:00:00+00:00,2023-01-11 11:50:00+00:00,2023-01-11 16:00:00+00:00
2023-01-12,2023-01-12 07:00:00+00:00,2023-01-12 11:51:00+00:00,2023-01-12 17:00:00+00:00
2023-01-13,2023-01-13 07:00:00+00:00,2023-01-13 11:51:00+00:00,2023-01-13 17:00:00+00:00
2023-01-14,2023-01-14 07:00:00+00:00,2023-01-14 11:51:00+00:00,2023-01-14 17:00:00+00:00
2023-01-15,2023-01-15 07:00:00+00:00,2023-01-15 11:52:00+00:00,2023-01-15 17:00:00+00:00
2023-01-16,2023-01-16 07:00:00+00:00,2023-01-16 11:52:00+00:00,2023-01-16 17:00:00+00:00
2023-01-17,2023-01-17 07:00:00+00:00,2023-01-17 11:53:00+00:00,2023-01-17 17:00:00+00:00
2023-01-18,2023-01-18 07:00:00+00:00,2023-01-18 11:53:00+00:00,2023-01-18 17:00:00+00:00
2023-01-19,2023-01-19 07:00:00+00:00,2023-01-19 11:53:00+00:00,2023-01-19 17:00:00+00:00
2023-01-20,2023-01-20 07:00:00+00:00,2023-01-20 11:53:00+00:00,2023-01-20 17:00:00+00:00
2023-01-21,2023-01-21 07:00:00+00:00,2023-01-21 11:54:00+00:00,2023-01-21 17:00:00+00:00
2023-01-22,2023-01-22 07:00:00+00:00,2023-01-22 11:54:00+00:00,2023-01-22 17:00:00+00:00
2023-01-23,2023-01-23 07:00:00+00:00,2023-01-23 11:54:00+00:00,2023-01-23 17:00:00+00:00
2023-01-24,2023-01-24 07:00:00+00:00,2023-01-24 11:55:00+00:00,2023-01-24 17:00:00+00:00
2023-01-25,2023-01-25 07:00:00+00:00,2023-01-25 11:55:00+00:00,2023-01-25 17:00:00+00:00
2023-01-26,2023-01-26 07:00:00+00:00,2023-01-26 11:55:00+00:00,2023-01-26 17:00:00+00:00
2023-01-27,2023-01-27 07:00:00+00:00,2023-01-27 11:55:00+00:00,2023-01-27 17:00:00+00:00
2023-01-28,2023-01-28 07:00:00+00:00,2023-01-28 11:55:00+00:00,2023-01-28 17:00:00+00:00
2023-01-29,2023-01-29 07:00:00+00:00,2023-01-29 11:56:00+00:00,2023-01-29 17:00:00+00:00
2023-01-30,2023-01-30 07:00:00+00:00,2023-01-30 11:56:00+00:00,2023-01-30 17:00:00+00:00
2023-01-31,2023-01-31 07:00:00+00:00,2023-01-31 11:56:00+00:00,2023-01-31 17:00:00+00:00
2023-02-01,2023-02-01 07:00:00+00:00,2023-02-01 11:56:00+00:00,2023-02-01 17:00:00+00:00
2023-02-02,2023-02-02 07:00:00+00:00,2023-02-02 11:56:00+00:00,2023-02-02 17:00:00+00:00
2023-02-03,2023-02-03 07:00:00+00:00,2023-02-03 11:56:00+00:00,2023-02-03 17:00:00+00:00
2023-02-04,2023-02-04 07:00:00+00:00,2023-02-04 11:56:00+00:00,2023-02-04 17:00:00+00:00
2023-02-05,2023-02-05 07:00:00+00:00,2023-02-05 11:57:00+00:00,2023-02-05 17:00:00+00:00
2023-02-06,2023-02-06 07:00:00+00:00,2023-02-06 11:57:00+00:00,2023-02-06 17:00:00+00:00
2023-02-07,2023-02-07 07:00:00+00:00,2023-02-07 11:57:00+00:00,2023-02-07 17:00:00+00:00
2023-02-08,2023-02-08 07:00:00+00:00,2023-02-08 11:57:00+00:00,2023-02-08 17:00:00+00:00
2023-02-09,2023-02-09 07:00:00+00:00,2023-02-09 11:57:00+00:00,2023-02-09 17:00:00+00:00
2023-02-10,2023-02-10 07:00:00+00:00,2023-02-10 11:57:00+00:00,2023-02-10 17:00:00+00:00
2023-02-11,2023-02-11 07:00:00+00:00,2023-02-11 11:57:00+00:00,2023-02-11 17:00:00+00:00
2023-02-12,2023-02-12 07:00:00+00:00,2023-02-12 11:57:00+00:00,2023-02-12 17:00:00+00:00
2023-02-13,2023-02-13 06:00:00+00:00,2023-02-13 11:57:00+00:00,2023-02-13 17:00:00+00:00
2023-02-14,2023-02-14 06:00:00+00:00,2023-02-14 11:57:00+00:00,2023-02-14 17:00:00+00:00
2023-02-15,2023-02-15 06:00:00+00:00,2023-02-15 11:57:00+00:00,2023-02-15 17:00:00+00:00
2023-02-16,2023-02-16 06:00:00+00:00,2023-02-16 11:57:00+00:00,2023-02-16 17:00:00+00:00
2023-02-17,2023-02-17 06:00:00+00:00,2023-02-17 11:57:00+00:00,2023-02-17 18:00:00+00:00
2023-02-18,2023-02-18 06:00:00+00:00,2023-02-18 11:56:00+00:00,2023-02-18 18:00:00+00:00
2023-02-19,2023-02-19 06:00:00+00:00,2023-02-19 11:56:00+00:00,2023-02-19 18:00:00+00:00
2023-02-20,2023-02-20 06:00:00+00:00,2023-02-20 11:56:00+00:00,2023-02-20 18:00:00+00:00
2023-02-21,2023-02-21 06:00:00+00:00,2023-02-21 11:56:00+00:00,2023-02-21 18:00:00+00:00
2023-02-22,2023-02-22 06:00:00+00:00,2023-02-22 11:56:00+00:00,2023-02-22 18:00:00+00:00
2023-02-23,2023-02-23 06:00:00+00:00,2023-02-23 11:56:00+00:00,2023-02-23 18:00:00+00:00
2023-02-24,2023-02-24 06:00:00+00:00,2023-02-24 11:56:00+00:00,2023-02-24 18:00:00+00:00
2023-02-25,2023-02-25 06:00:00+00:00,2023-02-25 11:56:00+00:00,2023-02-25 18:00:00+00:00
2023-02-26,2023-02-26 06:00:00+00:00,2023-02-26 11:55:00+00:00,2023-02-26 18:00:00+00:00
2023-02-27,2023-02-27 06:00:00+00:00,2023-02-27 11:55:00+00:00,2023-02-27 18:00:00+00:00
2023-02-28,2023-02-28 06:00:00+00:00,2023-02-28 11:55:00+00:00,2023-02-28 18:00:00+00:00
2023-03-01,2023-03-01 06:00:00+00:00,2023-03-01 11:55:00+00:00,2023-03-01 18:00:00+00:00
2023-03-02,2023-03-02 06:00:00+00:00,2023-03-02 11:55:00+00:00,2023-03-02 18:00:00+00:00
2023-03-03,2023-03-03 06:00:00+00:00,2023-03-03 11:55:00+00:00,2023-03-03 18:00:00+00:00
2023-03-04,2023-03-04 06:00:00+00:00,2023-03-04 11:54:00+00:00,2023-03-04 18:00:00+00:00
2023-03-05,2023-03-05 06:00:00+00:00,2023-03-05 11:54:00+00:00,2023-03-05 18:00:00+00:00
2023-03-06,2023-03-06 06:00:00+00:00,2023-03-06 11:54:00+00:00,2023-03-06 18:00:00+00:00
2023-03-07,2023-03-07 06:00:00+00:00,2023-03-07 11:54:00+00:00,2023-03-07 18:00:00+00:00
2023-03-08,2023-03-08 06:00:00+00:00,2023-03-08 11:53:00+00:00,2023-03-08 18:00:00+00:00
2023-03-09,2023-03-09 06:00:00+00:00,2023-03-09 11:53:00+00:00,2023-03-09 18:00:00+00:00
2023-03-10,2023-03-10 06:00:00+00:00,2023-03-10 11:53:00+00:00,2023-03-10 18:00:00+00:00
2023-03-11,2023-03-11 06:00:00+00:00,2023-03-11 11:53:00+00:00,2023-03-11 18:00:00+00:00
2023-03-12,2023-03-12 06:00:00+00:00,2023-03-12 11:52:00+00:00,2023-03-12 18:00:00+00:00
2023-03-13,2023-03-13 06:00:00+00:00,2023-03-13 11:52:00+00:00,2023-03-13 18:00:00+00:00
2023-03-14,2023-03-14 05:00:00+00:00,2023-03-14 11:52:00+00:00,2023-03-14 18:00:00+00:00
2023-03-15,2023-03-15 05:00:00+00:00,2023-03-15 11:52:00+00:00,2023-03-15 18:00:00+00:00
2023-03-16,2023-03-16 05:00:00+00:00,2023-03-16 11:51:00+00:00,2023-03-16 18:00:00+00:00
2023-03-17,2023-03-17 05:00:00+00:00,2023-03-17 11:51:00+00:00,2023-03-17 18:00:00+00:00
2023-03-18,2023-03-18 05:00:00+00:00,2023-03-18 11:51:00+00:00,2023-03-18 18:00:00+00:00
2023-03-19,2023-03-19 05:00:00+00:00,2023-03-19 11:50:00+00:00,2023-03-19 18:00:00+00:00
2023-03-20,2023-03-20 05:00:00+00:00,2023-03-20 11:50:00+00:00,2023-03-20 18:00:00+00:00
2023-03-21,2023-03-21 05:00:00+00:00,2023-03-21 11:50:00+00:00,2023-03-21 18:00:00+00:00
2023-03-22,2023-03-22 05:00:00+00:00,2023-03-22 11:50:00+00:00,2023-03-22 18:00:00+00:00
2023-03-23,2023-03-23 05:00:00+00:00,2023-03-23 11:49:00+00:00,2023-03-23 18:00:00+00:00
2023-03-24,2023-03-24 05:00:00+00:00,2023-03-24 11:49:00+00:00,2023-03-24 19:00:00+00:00
2023-03-25,2023-03-25 05:00:00+00:00,2023-03-25 11:49:00+00:00,2023-03-25 19:00:00+00:00
2023-03-26,2023-03-26 05:00:00+00:00,2023-03-26 11:48:00+00:00,2023-03-26 19:00:00+00:00
2023-03-27,2023-03-27 05:00:00+00:00,2023-03-27 11:48:00+00:00,2023-03-27 19:00:00+00:00
2023-03-28,2023-03-28 05:00:00+00:00,2023-03-28 11:48:00+00:00,2023-03-28 19:00:00+00:00
2023-03-29,2023-03-29 05:00:00+00:00,2023-03-29 11:47:00+00:00,2023-03-29 19:00:00+00:00
2023-03-30,2023-03-30 05:00:00+00:00,2023-03-30 11:47:00+00:00,2023-03-30 19:00:00+00:00
2023-03-31,2023-03-31 05:00:00+00:00,2023-03-31 11:47:00+00:00,2023-03-31 19:00:00+00:00
2023-04-01,2023-04-01 05:00:00+00:00,2023-04-01 11:47:00+00:00,2023-04-01 19:00:00+00:00
2023-04-02,2023-04-02 05:00:00+00:00,2023-04-02 11:46:00+00:00,2023-04-02 19:00:00+00:00
2023-04-03,2023-04-03 05:00:00+00:00,2023-04-03 11:46:00+00:00,2023-04-03 19:00:00+00:00
2023-04-04,2023-04-04 05:00:00+00:00,2023-04-04 11:46:00+00:00,2023-04-04 19:00:00+00:00
2023-04-05,2023-04-05 05:00:00+00:00,2023-04-05 11:45:00+00:00,2023-04-05 19:00:00+00:00
2023-04-06,2023-04-06 05:00:00+00:00,2023-04-06 11:45:00+00:00,2023-04-06 19:00:00+00:00
2023-04-07,2023-04-07 05:00:00+00:00,2023-04-07 11:45:00+00:00,2023-04-07 19:00:00+00:00
2023-04-08,2023-04-08 05:00:00+00:00,2023-04-08 11:44:00+00:00,2023-04-08 19:00:00+00:00
2023-04-09,2023-04-09 05:00:00+00:00,2023-04-09 11:44:00+00:00,2023-04-09 19:00:00+00:00
2023-04-10,2023-04-10 05:00:00+00:00,2023-04-10 11:44:00+00:00,2023-04-10 19:00:00+00:00
2023-04-11,2023-04-11 04:00:00+00:00,2023-04-11 11:44:00+00:00,2023-04-11 19:00:00+00:00
2023-04-12,2023-04-12 04:00:00+00:00,2023-04-12 11:43:00+00:00,2023-04-12 19:00:00+00:00
2023-04-13,2023-04-13 04:00:00+00:00,2023-04-13 11:43:00+00:00,2023-04-13 19:00:00+00:00
2023-04-14,2023-04-14 04:00:00+00:00,2023-04-14 11:43:00+00:00,2023-04-14 19:00:00+00:00
2023-04-15,2023-04-15 04:00:00+00:00,2023-04-15 11:43:00+00:00,2023-04-15 19:00:00+00:00
2023-04-16,2023-04-16 04:00:00+00:00,2023-04-16 11:42:00+00:00,2023-04-16 19:00:00+00:00
2023-04-17,2023-04-17 04:00:00+00:00,2023-04-17 11:42:00+00:00,2023-04-17 19:00:00+00:00
2023-04-18,2023-04-18 04:00:00+00:00,2023-04-18 11:42:00+00:00,2023-04-18 19:00:00+00:00
2023-04-19,2023-04-19 04:00:00+00:00,2023-04-19 11:42:00+00:00,2023-04-19 19:00:00+00:00
2023-04-20,2023-04-20 04:00:00+00:00,2023-04-20 11:42:00+00:00,2023-04-20 19:00:00+00:00
2023-04-21,2023-04-21 04:00:00+00:00,2023-04-21 11:41:00+00:00,2023-04-21 19:00:00+00:00
2023-04-22,2023-04-22 04:00:00+00:00,2023-04-22 11:41:00+00:00,2023-04-22 19:00:00+00:00
2023-04-23,2023-04-23 04:00:00+00:00,2023-04-23 11:41:00+00:00,2023-04-23 19:00:00+00:00
2023-04-24,2023-04-24 04:00:00+00:00,2023-04-24 11:41:00+00:00,2023-04-24 19:00:00+00:00
2023-04-25,2023-04-25 04:00:00+00:00,2023-04-25 11:41:00+00:00,2023-04-25 19:00:00+00:00
2023-04-26,2023-04-26 04:00:00+00:00,2023-04-26 11:40:00+00:00,2023-04-26 19:00:00+00:00
2023-04-27,2023-04-27 04:00:00+00:00,2023-04-27 11:40:00+00:00,2023-04-27 19:00:00+00:00
2023-04-28,2023-04-28 04:00:00+00:00,2023-04-28 11:40:00+00:00,2023-04-28 19:00:00+00:00
2023-04-29,2023-04-29 04:00:00+00:00,2023-04-29 11:40:00+00:00,2023-04-29 19:00:00+00:00
2023-04-30,2023-04-30 04:00:00+00:00,2023-04-30 11:40:00+00:00,2023-04-30 20:00:00+00:00
2023-05-01,2023-05-01 04:00:00+00:00,2023-05-01 11:40:00+00:00,2023-05-01 20:00:00+00:00
2023-05-02,2023-05-02 04:00:00+00:00,2023-05-02 11:40:00+00:00,2023-05-02 20:00:00+00:00
2023-05-03,2023-05-03 04:00:00+00:00,2023-05-03 11:39:00+00:00,2023-05-03 20:00:00+00:00
2023-05-04,2023-05-04 04:00:00+00:00,2023-05-04 11:39:00+00:00,2023-05-04 20:00:00+00:00
2023-05-05,2023-05-05 04:00:00+00:00,2023-05-05 11:39:00+00:00,2023-05-05 20:00:00+00:00
2023-05-06,2023-05-06 04:00:00+00:00,2023-05-06 11:39:00+00:00,2023-05-06 20:00:00+00:00
2023-05-07,2023-05-07 04:00:00+00:00,2023-05-07 11:39:00+00:00,2023-05-07 20:00:00+00:00
2023-05-08,2023-05-08 04:00:00+00:00,2023-05-08 11:39:00+00:00,2023-05-08 20:00:00+00:00
2023-05-09,2023-05-09 04:00:00+00:00,2023-05-09 11:39:00+00:00,2023-05-09 20:00:00+00:00
2023-05-10,2023-05-10 04:00:00+00:00,2023-05-10 11:39:00+00:00,2023-05-10 20:00:00+00:00
2023-05-11,2023-05-11 04:00:00+00:00,2023-05-11 11:39:00+00:00,2023-05-11 20:00:00+00:00
2023-05-12,2023-05-12 03:00:00+00:00,2023-05-12 11:39:00+00:00,2023-05-12 20:00:00+00:00
2023-05-13,2023-05-13 03:00:00+00:00,2023-05-13 11:39:00+00:00,2023-05-13 20:00:00+00:00
2023-05-14,2023-05-14 03:00:00+00:00,2023-05-14 11:39:00+00:00,2023-05-14 20:00:00+00:00
2023-05-15,2023-05-15 03:00:00+00:00,2023-05-15 11:39:00+00:00,2023-05-15 20:00:00+00:00
2023-05-16,2023-05-16 03:00:00+00:00,2023-05-16 11:39:00+00:00,2023-05-16 20:00:00+00:00
2023-05-17,2023-05-17 03:00:00+00:00,2023-05-17 11:39:00+00:00,2023-05-17 20:00:00+00:00
2023-05-18,2023-05-18 03:00:00+00:00,2023-05-18 11:39:00+00:00,2023-05-18 20:00:00+00:00
2023-05-19,2023-05-19 03:00:00+00:00,2023-05-19 11:39:00+00:00,2023-05-19 20:00:00+00:00
2023-05-20,2023-05-20 03:00:00+00:00,2023-05-20 11:39:00+00:00,2023-05-20 20:00:00+00:00
2023-05-21,2023-05-21 03:00:00+00:00,2023-05-21 11:39:00+00:00,2023-05-21 20:00:00+00:00
2023-05-22,2023-05-22 03:00:00+00:00,2023-05-22 11:39:00+00:00,2023-05-22 20:00:00+00:00
2023-05-23,2023-05-23 03:00:00+00:00,2023-05-23 11:39:00+00:00,2023-05-23 20:00:00+00:00
2023-05-24,2023-05-24 03:00:00+00:00,2023-05-24 11:39:00+00:00,2023-05-24 20:00:00+00:00
2023-05-25,2023-05-25 03:00:00+00:00,2023-05-25 11:40:00+00:00,2023-05-25 20:00:00+00:00
2023-05-26,2023-05-26 03:00:00+00:00,2023-05-26 11:40:00+00:00,2023-05-26 20:00:00+00:00
2023-05-27,2023-05-27 03:00:00+00:00,2023-05-27 11:40:00+00:00,2023-05-27 20:00:00+00:00
2023-05-28,2023-05-28 03:00:00+00:00,2023-05-28 11:40:00+00:00,2023-05-28 20:00:00+00:00
2023-05-29,2023-05-29 03:00:00+00:00,2023-05-29 11:40:00+00:00,2023-05-29 20:00:00+00:00
2023-05-30,2023-05-30 03:00:00+00:00,2023-05-30 11:40:00+00:00,2023-05-30 20:00:00+00:00
2023-05-31,2023-05-31 03:00:00+00:00,2023-05-31 11:40:00+00:00,2023-05-31 20:00:00+00:00
2023-06-01,2023-06-01 03:00:00+00:00,2023-06-01 11:40:00+00:00,2023-06-01 20:00:00+00:00
2023-06-02,2023-06-02 03:00:00+00:00,2023-06-02 11:41:00+00:00,2023-06-02 20:00:00+00:00
2023-06-03,2023-06-03 03:00:00+00:00,2023-06-03 11:41:00+00:00,2023-06-03 20:00:00+00:00
2023-06-04,2023-06-04 03:00:00+00:00,2023-06-04 11:41:00+00:00,2023-06-04 20:00:00+00:00
2023-06-05,2023-06-05 03:00:00+00:00,2023-06-05 11:41:00+00:00,2023-06-05 20:00:00+00:00
2023-06-06,2023-06-06 03:00:00+00:00,2023-06-06 11:41:00+00:00,2023-06-06 20:00:00+00:00
2023-06-07,2023-06-07 03:00:00+00:00,2023-06-07 11:41:00+00:00,2023-06-07 20:00:00+00:00
2023-06-08,2023-06-08 03:00:00+00:00,2023-06-08 11:42:00+00:00,2023-06-08 20:00:00+00:00
2023-06-09,2023-06-09 03:00:00+00:00,2023-06-09 11:42:00+00:00,2023-06-09 20:00:00+00:00
2023-06-10,2023-06-10 03:00:00+00:00,2023-06-10 11:42:00+00:00,2023-06-10 20:00:00+00:00
2023-06-11,2023-06-11 03:00:00+00:00,2023-06-11 11:42:00+00:00,2023-06-11 20:00:00+00:00
2023-06-12,2023-06-12 03:00:00+00:00,2023-06-12 11:42:00+00:00,2023-06-12 20:00:00+00:00
2023-06-13,2023-06-13 03:00:00+00:00,2023-06-13 11:43:00+00:00,2023-06-13 20:00:00+00:00
2023-06-14,2023-06-14 03:00:00+00:00,2023-06-14 11:43:00+00:00,2023-06-14 20:00:00+00:00
2023-06-15,2023-06-15 03:00:00+00:00,2023-06-15 11:43:00+00:00,2023-06-15 20:00:00+00:00
2023-06-16,2023-06-16 03:00:00+00:00,2023-06-16 11:43:00+00:00,2023-06-16 20:00:00+00:00
2023-06-17,2023-06-17 03:00:00+00:00,2023-06-17 11:43:00+00:00,2023-06-17 20:00:00+00:00
2023-06-18,2023-06-18 03:00:00+00:00,2023-06-18 11:44:00+00:00,2023-06-18 20:00:00+00:00
2023-06-19,2023-06-19 03:00:00+00:00,2023-06-19 11:44:00+00:00,2023-06-19 20:00:00+00:00
2023-06-20,2023-06-20 03:00:00+00:00,2023-06-20 11:44:00+00:00,2023-06-20 20:00:00+00:00
2023-06-21,2023-06-21 03:00:00+00:00,2023-06-21 11:44:00+00:00,2023-06-21 20:00:00+00:00
2023-06-22,2023-06-22 03:00:00+00:00,2023-06-22 11:45:00+00:00,2023-06-22 20:00:00+00:00
2023-06-23,2023-06-23 03:00:00+00:00,2023-06-23 11:45:00+00:00,2023-06-23 20:00:00+00:00
2023-06-24,2023-06-24 03:00:00+00:00,2023-06-24 11:45:00+00:00,2023-06-24 20:00:00+00:00
2023-06-25,2023-06-25 03:00:00+00:00,2023-06-25 11:45:00+00:00,2023-06-25 20:00:00+00:00
2023-06-26,2023-06-26 03:00:00+00:00,2023-06-26 11:45:00+00:00,2023-06-26 20:00:00+00:00
2023-06-27,2023-06-27 03:00:00+00:00,2023-06-27 11:46:00+00:00,2023-06-27 20:00:00+00:00
2023-06-28,2023-06-28 03:00:00+00:00,2023-06-28 11:46:00+00:00,2023-06-28 20:00:00+00:00
2023-06-29,2023-06-29 03:00:00+00:00,2023-06-29 11:46:00+00:00,2023-06-29 20:00:00+00:00
2023-06-30,2023-06-30 03:00:00+00:00,2023-06-30 11:46:00+00:00,2023-06-30 20:00:00+00:00
2023-07-01,2023-07-01 03:00:00+00:00,2023-07-01 11:46:00+00:00,2023-07-01 20:00:00+00:00
2023-07-02,2023-07-02 03:00:00+00:00,2023-07-02 11:47:00+00:00,2023-07-02 20:00:00+00:00
2023-07-03,2023-07-03 03:00:00+00:00,2023-07-03 11:47:00+00:00,2023-07-03 20:00:00+00:00
2023-07-04,2023-07-04 03:00:00+00:00,2023-07-04 11:47:00+00:00,2023-07-04 20:00:00+00:00
2023-07-05,2023-07-05 03:00:00+00:00,2023-07-05 11:47:00+00:00,2023-07-05 20:00:00+00:00
2023-07-06,2023-07-06 03:00:00+00:00,2023-07-06 11:47:00+00:00,2023-07-06 20:00:00+00:00
2023-07-07,2023-07-07 03:00:00+00:00,2023-07-07 11:47:00+00:00,2023-07-07 20:00:00+00:00
2023-07-08,2023-07-08 03:00:00+00:00,2023-07-08 11:48:00+00:00,2023-07-08 20:00:00+00:00
2023-07-09,2023-07-09 03:00:00+00:00,2023-07-09 11:48:00+00:00,2023-07-09 20:00:00+00:00
2023-07-10,2023-07-10 03:00:00+00:00,2023-07-10 11:48:00+00:00,2023-07-10 20:00:00+00:00
2023-07-11,2023-07-11 03:00:00+00:00,2023-07-11 11:48:00+00:00,2023-07-11 20:00:00+00:00
2023-07-12,2023-07-12 03:00:00+00:00,2023-07-12 11:48:00+00:00,2023-07-12 20:00:00+00:00
2023-07-13,2023-07-13 03:00:00+00:00,2023-07-13 11:48:00+00:00,2023-07-13 20:00:00+00:00
2023-07-14,2023-07-14 03:00:00+00:00,2023-07-14 11:48:00+00:00,2023-07-14 20:00:00+00:00
2023-07-15,2023-07-15 03:00:00+00:00,2023-07-15 11:49:00+00:00,2023-07-15 20:00:00+00:00
2023-07-16,2023-07-16 03:00:00+00:00,2023-07-16 11:49:00+00:00,2023-07-16 20:00:00+00:00
2023-07-17,2023-07-17 03:00:00+00:00,2023-07-17 11:49:00+00:00,2023-07-17 20:00:00+00:00
2023-07-18,2023-07-18 03:00:00+00:00,2023-07-18 11:49:00+00:00,2023-07-18 20:00:00+00:00
2023-07-19,2023-07-19 03:00:00+00:00,2023-07-19 11:49:00+00:00,2023-07-19 20:00:00+00:00
2023-07-20,2023-07-20 03:00:00+00:00,2023-07-20 11:49:00+00:00,2023-07-20 20:00:00+00:00
2023-07-21,2023-07-21 03:00:00+00:00,2023-07-21 11:49:00+00:00,2023-07-21 20:00:00+00:00
2023-07-22,2023-07-22 03:00:00+00:00,2023-07-22 11:49:00+00:00,2023-07-22 20:00:00+00:00
2023-07-23,2023-07-23 03:00:00+00:00,2023-07-23 11:49:00+00:00,2023-07-23 20:00:00+00:00
2023-07-24,2023-07-24 03:00:00+00:00,2023-07-24 11:49:00+00:00,2023-07-24 20:00:00+00:00
2023-07-25,2023-07-25 03:00:00+00:00,2023-07-25 11:49:00+00:00,2023-07-25 20:00:00+00:00
2023-07-26,2023-07-26 04:00:00+00:00,2023-07-26 11:49:00+00:00,2023-07-26 20:00:00+00:00
2023-07-27,2023-07-27 04:00:00+00:00,2023-07-27 11:49:00+00:00,2023-07-27 20:00:00+00:00
2023-07-28,2023-07-28 04:00:00+00:00,2023-07-28 11:49:00+00:00,2023-07-28 20:00:00+00:00
2023-07-29,2023-07-29 04:00:00+00:00,2023-07-29 11:49:00+00:00,2023-07-29 20:00:00+00:00
2023-07-30,2023-07-30 04:00:00+00:00,2023-07-30 11:49:00+00:00,2023-07-30 20:00:00+00:00
2023-07-31,2023-07-31 04:00:00+00:00,2023-07-31 11:49:00+00:00,2023-07-31 20:00:00+00:00
2023-08-01,2023-08-01 04:00:00+00:00,2023-08-01 11:49:00+00:00,2023-08-01 20:00:00+00:00
2023-08-02,2023-08-02 04:00:00+00:00,2023-08-02 11:49:00+00:00,2023-08-02 20:00:00+00:00
2023-08-03,2023-08-03 04:00:00+00:00,2023-08-03 11:49:00+00:00,2023-08-03 20:00:00+00:00
2023-08-04,2023-08-04 04:00:00+00:00,2023-08-04 11:49:00+00:00,2023-08-04 20:00:00+00:00
2023-08-05,2023-08-05 04:00:00+00:00,2023-08-05 11:49:00+00:00,2023-08-05 20:00:00+00:00
2023-08-06,2023-08-06 04:00:00+00:00,2023-08-06 11:49:00+00:00,2023-08-06 20:00:00+00:00
2023-08-07,2023-08-07 04:00:00+00:00,2023-08-07 11:48:00+00:00,2023-08-07 20:00:00+00:00
2023-08-08,2023-08-08 04:00:00+00:00,2023-08-08 11:48:00+00:00,2023-08-08 20:00:00+00:00
2023-08-09,2023-08-09 04:00:00+00:00,2023-08-09 11:48:00+00:00,2023-08-09 20:00:00+00:00
2023-08-10,2023-08-10 04:00:00+00:00,2023-08-10 11:48:00+00:00,2023-08-10 20:00:00+00:00
2023-08-11,2023-08-11 04:00:00+00:00,2023-08-11 11:48:00+00:00,2023-08-11 20:00:00+00:00
2023-08-12,2023-08-12 04:00:00+00:00,2023-08-12 11:48:00+00:00,2023-08-12 20:00:00+00:00
2023-08-13,2023-08-13 04:00:00+00:00,2023-08-13 11:48:00+00:00,2023-08-13 20:00:00+00:00
2023-08-14,2023-08-14 04:00:00+00:00,2023-08-14 11:47:00+00:00,2023-08-14 20:00:00+00:00
2023-08-15,2023-08-15 04:00:00+00:00,2023-08-15 11:47:00+00:00,2023-08-15 20:00:00+00:00
2023-08-16,2023-08-16 04:00:00+00:00,2023-08-16 11:47:00+00:00,2023-08-16 20:00:00+00:00
2023-08-17,2023-08-17 04:00:00+00:00,2023-08-17 11:47:00+00:00,2023-08-17 19:00:00+00:00
2023-08-18,2023-08-18 04:00:00+00:00,2023-08-18 11:47:00+00:00,2023-08-18 19:00:00+00:00
2023-08-19,2023-08-19 04:00:00+00:00,2023-08-19 11:46:00+00:00,2023-08-19 19:00:00+00:00
2023-08-20,2023-08-20 04:00:00+00:00,2023-08-20 11:46:00+00:00,2023-08-20 19:00:00+00:00
2023-08-21,2023-08-21 04:00:00+00:00,2023-08-21 11:46:00+00:00,2023-08-21 19:00:00+00:00
2023-08-22,2023-08-22 04:00:00+00:00,2023-08-22 11:46:00+00:00,2023-08-22 19:00:00+00:00
2023-08-23,2023-08-23 04:00:00+00:00,2023-08-23 11:45:00+00:00,2023-08-23 19:00:00+00:00
2023-08-24,2023-08-24 04:00:00+00:00,2023-08-24 11:45:00+00:00,2023-08-24 19:00:00+00:00
2023-08-25,2023-08-25 04:00:00+00:00,2023-08-25 11:45:00+00:00,2023-08-25 19:00:00+00:00
2023-08-26,2023-08-26 04:00:00+00:00,2023-08-26 11:44:00+00:00,2023-08-26 19:00:00+00:00
2023-08-27,2023-08-27 04:00:00+00:00,2023-08-27 11:44:00+00:00,2023-08-27 19:00:00+00:00
2023-08-28,2023-08-28 04:00:00+00:00,2023-08-28 11:44:00+00:00,2023-08-28 19:00:00+00:00
2023-08-29,2023-08-29 04:00:00+00:00,2023-08-29 11:44:00+00:00,2023-08-29 19:00:00+00:00
2023-08-30,2023-08-30 04:00:00+00:00,2023-08-30 11:43:00+00:00,2023-08-30 19:00:00+00:00
2023-08-31,2023-08-31 04:00:00+00:00,2023-08-31 11:43:00+00:00,2023-08-31 19:00:00+00:00
2023-09-01,2023-09-01 04:00:00+00:00,2023-09-01 11:43:00+00:00,2023-09-01 19:00:00+00:00
2023-09-02,2023-09-02 04:00:00+00:00,2023-09-02 11:42:00+00:00,2023-09-02 19:00:00+00:00
2023-09-03,2023-09-03 04:00:00+00:00,2023-09-03 11:42:00+00:00,2023-09-03 19:00:00+00:00
2023-09-04,2023-09-04 05:00:00+00:00,2023-09-04 11:42:00+00:00,2023-09-04 19:00:00+00:00
2023-09-05,2023-09-05 05:00:00+00:00,2023-09-05 11:41:00+00:00,2023-09-05 19:00:00+00:00
2023-09-06,2023-09-06 05:00:00+00:00,2023-09-06 11:41:00+00:00,2023-09-06 19:00:00+00:00
2023-09-07,2023-09-07 05:00:00+00:00,2023-09-07 11:41:00+00:00,2023-09-07 19:00:00+00:00
2023-09-08,2023-09-08 05:00:00+00:00,2023-09-08 11:40:00+00:00,2023-09-08 19:00:00+00:00
2023-09-09,2023-09-09 05:00:00+00:00,2023-09-09 11:40:00+00:00,2023-09-09 19:00:00+00:00
2023-09-10,2023-09-10 05:00:00+00:00,2023-09-10 11:40:00+00:00,2023-09-10 19:00:00+00:00
2023-09-11,2023-09-11 05:00:00+00:00,2023-09-11 11:39:00+00:00,2023-09-11 19:00:00+00:00
2023-09-12,2023-09-12 05:00:00+00:00,2023-09-12 11:39:00+00:00,2023-09-12 19:00:00+00:00
2023-09-13,2023-09-13 05:00:00+00:00,2023-09-13 11:39:00+00:00,2023-09-13 19:00:00+00:00
2023-09-14,2023-09-14 05:00:00+00:00,2023-09-14 11:38:00+00:00,2023-09-14 18:00:00+00:00
2023-09-15,2023-09-15 05:00:00+00:00,2023-09-15 11:38:00+00:00,2023-09-15 18:00:00+00:00
2023-09-16,2023-09-16 05:00:00+00:00,2023-09-16 11:38:00+00:00,2023-09-16 18:00:00+00:00
2023-09-17,2023-09-17 05:00:00+00:00,2023-09-17 11:37:00+00:00,2023-09-17 18:00:00+00:00
2023-09-18,2023-09-18 05:00:00+00:00,2023-09-18 11:37:00+00:00,2023-09-18 18:00:00+00:00
2023-09-19,2023-09-19 05:00:00+00:00,2023-09-19 11:36:00+00:00,2023-09-19 18:00:00+00:00
2023-09-20,2023-09-20 05:00:00+00:00,2023-09-20 11:36:00+00:00,2023-09-20 18:00:00+00:00
2023-09-21,2023-09-21 05:00:00+00:00,2023-09-21 11:36:00+00:00,2023-09-21 18:00:00+00:00
2023-09-22,2023-09-22 05:00:00+00:00,2023-09-22 11:35:00+00:00,2023-09-22 18:00:00+00:00
2023-09-23,2023-09-23 05:00:00+00:00,2023-09-23 11:35:00+00:00,2023-09-23 18:00:00+00:00
2023-09-24,2023-09-24 05:00:00+00:00,2023-09-24 11:35:00+00:00,2023-09-24 18:00:00+00:00
2023-09-25,2023-09-25 05:00:00+00:00,2023-09-25 11:34:00+00:00,2023-09-25 18:00:00+00:00
2023-09-26,2023-09-26 05:00:00+00:00,2023-09-26 11:34:00+00:00,2023-09-26 18:00:00+00:00
2023-09-27,2023-09-27 05:00:00+00:00,2023-09-27 11:34:00+00:00,2023-09-27 18:00:00+00:00
2023-09-28,2023-09-28 05:00:00+00:00,2023-09-28 11:33:00+00:00,2023-09-28 18:00:00+00:00
2023-09-29,2023-09-29 05:00:00+00:00,2023-09-29 11:33:00+00:00,2023-09-29 18:00:00+00:00
2023-09-30,2023-09-30 05:00:00+00:00,2023-09-30 11:33:00+00:00,2023-09-30 18:00:00+00:00
2023-10-01,2023-10-01 05:00:00+00:00,2023-10-01 11:32:00+00:00,2023-10-01 18:00:00+00:00
2023-10-02,2023-10-02 05:00:00+00:00,2023-10-02 11:32:00+00:00,2023-10-02 18:00:00+00:00
2023-10-03,2023-10-03 05:00:00+00:00,2023-10-03 11:32:00+00:00,2023-10-03 18:00:00+00:00
2023-10-04,2023-10-04 05:00:00+00:00,2023-10-04 11:31:00+00:00,2023-10-04 18:00:00+00:00
2023-10-05,2023-10-05 05:00:00+00:00,2023-10-05 11:31:00+00:00,2023-10-05 18:00:00+00:00
2023-10-06,2023-10-06 05:00:00+00:00,2023-10-06 11:31:00+00:00,2023-10-06 18:00:00+00:00
2023-10-07,2023-10-07 05:00:00+00:00,2023-10-07 11:30:00+00:00,2023-10-07 18:00:00+00:00
2023-10-08,2023-10-08 05:00:00+00:00,2023-10-08 11:30:00+00:00,2023-10-08 18:00:00+00:00
2023-10-09,2023-10-09 05:00:00+00:00,2023-10-09 11:30:00+00:00,2023-10-09 18:00:00+00:00
2023-10-10,2023-10-10 05:00:00+00:00,2023-10-10 11:30:00+00:00,2023-10-10 18:00:00+00:00
2023-10-11,2023-10-11 05:00:00+00:00,2023-10-11 11:29:00+00:00,2023-10-11 17:00:00+00:00
2023-10-12,2023-10-12 06:00:00+00:00,2023-10-12 11:29:00+00:00,2023-10-12 17:00:00+00:00
2023-10-13,2023-10-13 06:00:00+00:00,2023-10-13 11:29:00+00:00,2023-10-13 17:00:00+00:00
2023-10-14,2023-10-14 06:00:00+00:00,2023-10-14 11:29:00+00:00,2023-10-14 17:00:00+00:00
2023-10-15,2023-10-15 06:00:00+00:00,2023-10-15 11:28:00+00:00,2023-10-15 17:00:00+00:00
2023-10-16,2023-10-16 06:00:00+00:00,2023-10-16 11:28:00+00:00,2023-10-16 17:00:00+00:00
2023-10-17,2023-10-17 06:00:00+00:00,2023-10-17 11:28:00+00:00,2023-10-17 17:00:00+00:00
2023-10-18,2023-10-18 06:00:00+00:00,2023-10-18 11:28:00+00:00,2023-10-18 17:00:00+00:00
2023-10-19,2023-10-19 06:00:00+00:00,2023-10-19 11:28:00+00:00,2023-10-19 17:00:00+00:00
2023-10-20,2023-10-20 06:00:00+00:00,2023-10-20 11:27:00+00:00,2023-10-20 17:00:00+00:00
2023-10-21,2023-10-21 06:00:00+00:00,2023-10-21 11:27:00+00:00,2023-10-21 17:00:00+00:00
2023-10-22,2023-10-22 06:00:00+00:00,2023-10-22 11:27:00+00:00,2023-10-22 17:00:00+00:00
2023-10-23,2023-10-23 06:00:00+00:00,2023-10-23 11:27:00+00:00,2023-10-23 17:00:00+00:00
2023-10-24,2023-10-24 06:00:00+00:00,2023-10-24 11:27:00+00:00,2023-10-24 17:00:00+00:00
2023-10-25,2023-10-25 06:00:00+00:00,2023-10-25 11:27:00+00:00,2023-10-25 17:00:00+00:00
2023-10-26,2023-10-26 06:00:00+00:00,2023-10-26 11:27:00+00:00,2023-10-26 17:00:00+00:00
2023-10-27,2023-10-27 06:00:00+00:00,2023-10-27 11:26:00+00:00,2023-10-27 17:00:00+00:00
2023-10-28,2023-10-28 06:00:00+00:00,2023-10-28 11:26:00+00:00,2023-10-28 17:00:00+00:00
2023-10-29,2023-10-29 06:00:00+00:00,2023-10-29 11:26:00+00:00,2023-10-29 17:00:00+00:00
2023-10-30,2023-10-30 06:00:00+00:00,2023-10-30 11:26:00+00:00,2023-10-30 17:00:00+00:00
2023-10-31,2023-10-31 06:00:00+00:00,2023-10-31 11:26:00+00:00,2023-10-31 17:00:00+00:00
2023-11-01,2023-11-01 06:00:00+00:00,2023-11-01 11:26:00+00:00,2023-11-01 17:00:00+00:00
2023-11-02,2023-11-02 06:00:00+00:00,2023-11-02 11:26:00+00:00,2023-11-02 17:00:00+00:00
2023-11-03,2023-11-03 06:00:00+00:00,2023-11-03 11:26:00+00:00,2023-11-03 17:00:00+00:00
2023-11-04,2023-11-04 06:00:00+00:00,2023-11-04 11:26:00+00:00,2023-11-04 17:00:00+00:00
2023-11-05,2023-11-05 06:00:00+00:00,2023-11-05 11:26:00+00:00,2023-11-05 17:00:00+00:00
2023-11-06,2023-11-06 06:00:00+00:00,2023-11-06 11:26:00+00:00,2023-11-06 17:00:00+00:00
2023-11-07,2023-11-07 06:00:00+00:00,2023-11-07 11:26:00+00:00,2023-11-07 17:00:00+00:00
2023-11-08,2023-11-08 06:00:00+00:00,2023-11-08 11:26:00+00:00,2023-11-08 17:00:00+00:00
2023-11-09,2023-11-09 06:00:00+00:00,2023-11-09 11:26:00+00:00,2023-11-09 17:00:00+00:00
2023-11-10,2023-11-10 06:00:00+00:00,2023-11-10 11:26:00+00:00,2023-11-10 17:00:00+00:00
2023-11-11,2023-11-11 06:00:00+00:00,2023-11-11 11:27:00+00:00,2023-11-11 17:00:00+00:00
2023-11-12,2023-11-12 06:00:00+00:00,2023-11-12 11:27:00+00:00,2023-11-12 16:00:00+00:00
2023-11-13,2023-11-13 06:00:00+00:00,2023-11-13 11:27:00+00:00,2023-11-13 16:00:00+00:00
2023-11-14,2023-11-14 06:00:00+00:00,2023-11-14 11:27:00+00:00,2023-11-14 16:00:00+00:00
2023-11-15,2023-11-15 06:00:00+00:00,2023-11-15 11:27:00+00:00,2023-11-15 16:00:00+00:00
2023-11-16,2023-11-16 06:00:00+00:00,2023-11-16 11:27:00+00:00,2023-11-16 16:00:00+00:00
2023-11-17,2023-11-17 07:00:00+00:00,2023-11-17 11:27:00+00:00,2023-11-17 16:00:00+00:00
2023-11-18,2023-11-18 07:00:00+00:00,2023-11-18 11:28:00+00:00,2023-11-18 16:00:00+00:00
2023-11-19,2023-11-19 07:00:00+00:00,2023-11-19 11:28:00+00:00,2023-11-19 16:00:00+00:00
2023-11-20,2023-11-20 07:00:00+00:00,2023-11-20 11:28:00+00:00,2023-11-20 16:00:00+00:00
2023-11-21,2023-11-21 07:00:00+00:00,2023-11-21 11:28:00+00:00,2023-11-21 16:00:00+00:00
2023-11-22,2023-11-22 07:00:00+00:00,2023-11-22 11:29:00+00:00,2023-11-22 16:00:00+00:00
2023-11-23,2023-11-23 07:00:00+00:00,2023-11-23 11:29:00+00:00,2023-11-23 16:00:00+00:00
2023-11-24,2023-11-24 07:00:00+00:00,2023-11-24 11:29:00+00:00,2023-11-24 16:00:00+00:00
2023-11-25,2023-11-25 07:00:00+00:00,2023-11-25 11:29:00+00:00,2023-11-25 16:00:00+00:00
2023-11-26,2023-11-26 07:00:00+00:00,2023-11-26 11:30:00+00:00,2023-11-26 16:00:00+00:00
2023-11-27,2023-11-27 07:00:00+00:00,2023-11-27 11:30:00+00:00,2023-11-27 16:00:00+00:00
2023-11-28,2023-11-28 07:00:00+00:00,2023-11-28 11:30:00+00:00,2023-11-28 16:00:00+00:00
2023-11-29,2023-11-29 07:00:00+00:00,2023-11-29 11:31:00+00:00,2023-11-29 16:00:00+00:00
2023-11-30,2023-11-30 07:00:00+00:00,2023-11-30 11:31:00+00:00,2023-11-30 16:00:00+00:00
2023-12-01,2023-12-01 07:00:00+00:00,2023-12-01 11:31:00+00:00,2023-12-01 16:00:00+00:00
2023-12-02,2023-12-02 07:00:00+00:00,2023-12-02 11:32:00+00:00,2023-12-02 16:00:00+00:00
2023-12-03,2023-12-03 07:00:00+00:00,2023-12-03 11:32:00+00:00,2023-12-03 16:00:00+00:00
2023-12-04,2023-12-04 07:00:00+00:00,2023-12-04 11:33:00+00:00,2023-12-04 16:00:00+00:00
2023-12-05,2023-12-05 07:00:00+00:00,2023-12-05 11:33:00+00:00,2023-12-05 16:00:00+00:00
2023-12-06,2023-12-06 07:00:00+00:00,2023-12-06 11:33:00+00:00,2023-12-06 16:00:00+00:00
2023-12-07,2023-12-07 07:00:00+00:00,2023-12-07 11:34:00+00:00,2023-12-07 16:00:00+00:00
2023-12-08,2023-12-08 07:00:00+00:00,2023-12-08 11:34:00+00:00,2023-12-08 16:00:00+00:00
2023-12-09,2023-12-09 07:00:00+00:00,2023-12-09 11:35:00+00:00,2023-12-09 16:00:00+00:00
2023-12-10,2023-12-10 07:00:00+00:00,2023-12-10 11:35:00+00:00,2023-12-10 16:00:00+00:00
2023-12-11,2023-12-11 07:00:00+00:00,2023-12-11 11:36:00+00:00,2023-12-11 16:00:00+00:00
2023-12-12,2023-12-12 07:00:00+00:00,2023-12-12 11:36:00+00:00,2023-12-12 16:00:00+00:00
2023-12-13,2023-12-13 07:00:00+00:00,2023-12-13 11:37:00+00:00,2023-12-13 16:00:00+00:00
2023-12-14,2023-12-14 07:00:00+00:00,2023-12-14 11:37:00+00:00,2023-12-14 16:00:00+00:00
2023-12-15,2023-12-15 07:00:00+00:00,2023-12-15 11:38:00+00:00,2023-12-15 16:00:00+00:00
2023-12-16,2023-12-16 07:00:00+00:00,2023-12-16 11:38:00+00:00,2023-12-16 16:00:00+00:00
2023-12-17,2023-12-17 07:00:00+00:00,2023-12-17 11:39:00+00:00,2023-12-17 16:00:00+00:00
2023-12-18,2023-12-18 07:00:00+00:00,2023-12-18 11:39:00+00:00,2023-12-18 16:00:00+00:00
2023-12-19,2023-12-19 07:00:00+00:00,2023-12-19 11:40:00+00:00,2023-12-19 16:00:00+00:00
2023-12-20,2023-12-20 07:00:00+00:00,2023-12-20 11:40:00+00:00,2023-12-20 16:00:00+00:00
2023-12-21,2023-12-21 07:00:00+00:00,2023-12-21 11:41:00+00:00,2023-12-21 16:00:00+00:00
2023-12-22,2023-12-22 07:00:00+00:00,2023-12-22 11:41:00+00:00,2023-12-22 16:00:00+00:00
2023-12-23,2023-12-23 07:00:00+00:00,2023-12-23 11:41:00+00:00,2023-12-23 16:00:00+00:00
2023-12-24,2023-12-24 07:00:00+00:00,2023-12-24 11:42:00+00:00,2023-12-24 16:00:00+00:00
2023-12-25,2023-12-25 07:00:00+00:00,2023-12-25 11:42:00+00:00,2023-12-25 16:00:00+00:00
2023-12-26,2023-12-26 07:00:00+00:00,2023-12-26 11:43:00+00:00,2023-12-26 16:00:00+00:00
2023-12-27,2023-12-27 07:00:00+00:00,2023-12-27 11:43:00+00:00,2023-12-27 16:00:00+00:00
2023-12-28,2023-12-28 07:00:00+00:00,2023-12-28 11:44:00+00:00,2023-12-28 16:00:00+00:00
2023-12-29,2023-12-29 07:00:00+00:00,2023-12-29 11:44:00+00:00,2023-12-29 16:00:00+00:00
2023-12-30,2023-12-30 07:00:00+00:00,2023-12-30 11:45:00+00:00,2023-12-30 16:00:00+00:00
2023-12-31,2023-12-31 07:00:00+00:00,2023-12-31 11:45:00+00:00,2023-12-31 16:00:00+00:00
2024-01-01,2024-01-01 07:00:00+00:00,2024-01-01 11:46:00+00:00,2024-01-01 16:00:00+00:00
2024-01-02,2024-01-02 07:00:00+00:00,2024-01-02 11:46:00+00:00,2024-01-02 16:00:00+00:00
2024-01-03,2024-01-03 07:00:00+00:00,2024-01-03 11:47:00+00:00,2024-01-03 16:00:00+00:00
2024-01-04,2024-01-04 07:00:00+00:00,2024-01-04 11:47:00+00:00,2024-01-04 16:00:00+00:00
2024-01-05,2024-01-05 07:00:00+00:00,2024-01-05 11:48:00+00:00,2024-01-05 16:00:00+00:00
2024-01-06,2024-01-06 07:00:00+00:00,2024-01-06 11:48:00+00:00,2024-01-06 16:00:00+00:00
2024-01-07,2024-01-07 07:00:00+00:00,2024-01-07 11:49:00+00:00,2024-01-07 16:00:00+00:00
2024-01-08,2024-01-08 07:00:00+00:00,2024-01-08 11:49:00+00:00,2024-01-08 16:00:00+00:00
2024-01-09,2024-01-09 07:00:00+00:00,2024-01-09 11:49:00+00:00,2024-01-09 16:00:00+00:00
2024-01-10,2024-01-10 07:00:00+00:00,2024-01-10 11:50:00+00:00,2024-01-10 16:00:00+00:00
2024-01-11,2024-01-11 07:00:00+00:00,2024-01-11 11:50:00+00:00,2024-01-11 16:00:00+00:00
2024-01-12,2024-01-12 07:00:00+00:00,2024-01-12 11:51:00+00:00,2024-01-12 17:00:00+00:00
2024-01-13,2024-01-13 07:00:00+00:00,2024-01-13 11:51:00+00:00,2024-01-13 17:00:00+00:00
2024-01-14,2024-01-14 07:00:00+00:00,2024-01-14 11:51:00+00:00,2024-01-14 17:00:00+00:00
2024-01-15,2024-01-15 07:00:00+00:00,2024-01-15 11:52:00+00:00,2024-01-15 17:00:00+00:00
2024-01-16,2024-01-16 07:00:00+00:00,2024-01-16 11:52:00+00:00,2024-01-16 17:00:00+00:00
2024-01-17,2024-01-17 07:00:00+00:00,2024-01-17 11:52:00+00:00,2024-01-17 17:00:00+00:00
2024-01-18,2024-01-18 07:00:00+00:00,2024-01-18 11:53:00+00:00,2024-01-18 17:00:00+00:00
2024-01-19,2024-01-19 07:00:00+00:00,2024-01-19 11:53:00+00:00,2024-01-19 17:00:00+00:00
2024-01-20,2024-01-20 07:00:00+00:00,2024-01-20 11:53:00+00:00,2024-01-20 17:00:00+00:00
2024-01-21,2024-01-21 07:00:00+00:00,2024-01-21 11:54:00+00:00,2024-01-21 17:00:00+00:00
2024-01-22,2024-01-22 07:00:00+00:00,2024-01-22 11:54:00+00:00,2024-01-22 17:00:00+00:00
2024-01-23,2024-01-23 07:00:00+00:00,2024-01-23 11:54:00+00:00,2024-01-23 17:00:00+00:00
2024-01-24,2024-01-24 07:00:00+00:00,2024-01-24 11:55:00+00:00,2024-01-24 17:00:00+00:00
2024-01-25,2024-01-25 07:00:00+00:00,2024-01-25 11:55:00+00:00,2024-01-25 17:00:00+00:00
2024-01-26,2024-01-26 07:00:00+00:00,2024-01-26 11:55:00+00:00,2024-01-26 17:00:00+00:00
2024-01-27,2024-01-27 07:00:00+00:00,2024-01-27 11:55:00+00:00,2024-01-27 17:00:00+00:00
2024-01-28,2024-01-28 07:00:00+00:00,2024-01-28 11:55:00+00:00,2024-01-28 17:00:00+00:00
2024-01-29,2024-01-29 07:00:00+00:00,2024-01-29 11:56:00+00:00,2024-01-29 17:00:00+00:00
2024-01-30,2024-01-30 07:00:00+00:00,2024-01-30 11:56:00+00:00,2024-01-30 17:00:00+00:00
2024-01-31,2024-01-31 07:00:00+00:00,2024-01-31 11:56:00+00:00,2024-01-31 17:00:00+00:00
2024-02-01,2024-02-01 07:00:00+00:00,2024-02-01 11:56:00+00:00,2024-02-01 17:00:00+00:00
2024-02-02,2024-02-02 07:00:00+00:00,2024-02-02 11:56:00+00:00,2024-02-02 17:00:00+00:00
2024-02-03,2024-02-03 07:00:00+00:00,2024-02-03 11:56:00+00:00,2024-02-03 17:00:00+00:00
2024-02-04,2024-02-04 07:00:00+00:00,2024-02-04 11:56:00+00:00,2024-02-04 17:00:00+00:00
2024-02-05,2024-02-05 07:00:00+00:00,2024-02-05 11:56:00+00:00,2024-02-05 17:00:00+00:00
2024-02-06,2024-02-06 07:00:00+00:00,2024-02-06 11:57:00+00:00,2024-02-06 17:00:00+00:00
2024-02-07,2024-02-07 07:00:00+00:00,2024-02-07 11:57:00+00:00,2024-02-07 17:00:00+00:00
2024-02-08,2024-02-08 07:00:00+00:00,2024-02-08 11:57:00+00:00,2024-02-08 17:00:00+00:00
2024-02-09,2024-02-09 07:00:00+00:00,2024-02-09 11:57:00+00:00,2024-02-09 17:00:00+00:00
2024-02-10,2024-02-10 07:00:00+00:00,2024-02-10 11:57:00+00:00,2024-02-10 17:00:00+00:00
2024-02-11,2024-02-11 07:00:00+00:00,2024-02-11 11:57:00+00:00,2024-02-11 17:00:00+00:00
2024-02-12,2024-02-12 07:00:00+00:00,2024-02-12 11:57:00+00:00,2024-02-12 17:00:00+00:00
2024-02-13,2024-02-13 07:00:00+00:00,2024-02-13 11:57:00+00:00,2024-02-13 17:00:00+00:00
2024-02-14,2024-02-14 06:00:00+00:00,2024-02-14 11:57:00+00:00,2024-02-14 17:00:00+00:00
2024-02-15,2024-02-15 06:00:00+00:00,2024-02-15 11:57:00+00:00,2024-02-15 17:00:00+00:00
2024-02-16,2024-02-16 06:00:00+00:00,2024-02-16 11:57:00+00:00,2024-02-16 17:00:00+00:00
2024-02-17,2024-02-17 06:00:00+00:00,2024-02-17 11:57:00+00:00,2024-02-17 18:00:00+00:00
2024-02-18,2024-02-18 06:00:00+00:00,2024-02-18 11:57:00+00:00,2024-02-18 18:00:00+00:00
2024-02-19,2024-02-19 06:00:00+00:00,2024-02-19 11:56:00+00:00,2024-02-19 18:00:00+00:00
2024-02-20,2024-02-20 06:00:00+00:00,2024-02-20 11:56:00+00:00,2024-02-20 18:00:00+00:00
2024-02-21,2024-02-21 06:00:00+00:00,2024-02-21 11:56:00+00:00,2024-02-21 18:00:00+00:00
2024-02-22,2024-02-22 06:00:00+00:00,2024-02-22 11:56:00+00:00,2024-02-22 18:00:00+00:00
2024-02-23,2024-02-23 06:00:00+00:00,2024-02-23 11:56:00+00:00,2024-02-23 18:00:00+00:00
2024-02-24,2024-02-24 06:00:00+00:00,2024-02-24 11:56:00+00:00,2024-02-24 18:00:00+00:00
2024-02-25,2024-02-25 06:00:00+00:00,2024-02-25 11:56:00+00:00,2024-02-25 18:00:00+00:00
2024-02-26,2024-02-26 06:00:00+00:00,2024-02-26 11:56:00+00:00,2024-02-26 18:00:00+00:00
2024-02-27,2024-02-27 06:00:00+00:00,2024-02-27 11:55:00+00:00,2024-02-27 18:00:00+00:00
2024-02-28,2024-02-28 06:00:00+00:00,2024-02-28 11:55:00+00:00,2024-02-28 18:00:00+00:00
2024-02-29,2024-02-29 06:00:00+00:00,2024-02-29 11:55:00+00:00,2024-02-29 18:00:00+00:00
2024-03-01,2024-03-01 06:00:00+00:00,2024-03-01 11:55:00+00:00,2024-03-01 18:00:00+00:00
2024-03-02,2024-03-02 06:00:00+00:00,2024-03-02 11:55:00+00:00,2024-03-02 18:00:00+00:00
2024-03-03,2024-03-03 06:00:00+00:00,2024-03-03 11:54:00+00:00,2024-03-03 18:00:00+00:00
2024-03-04,2024-03-04 06:00:00+00:00,2024-03-04 11:54:00+00:00,2024-03-04 18:00:00+00:00
2024-03-05,2024-03-05 06:00:00+00:00,2024-03-05 11:54:00+00:00,2024-03-05 18:00:00+00:00
2024-03-06,2024-03-06 06:00:00+00:00,2024-03-06 11:54:00+00:00,2024-03-06 18:00:00+00:00
2024-03-07,2024-03-07 06:00:00+00:00,2024-03-07 11:53:00+00:00,2024-03-07 18:00:00+00:00
2024-03-08,2024-03-08 06:00:00+00:00,2024-03-08 11:53:00+00:00,2024-03-08 18:00:00+00:00
2024-03-09,2024-03-09 06:00:00+00:00,2024-03-09 11:53:00+00:00,2024-03-09 18:00:00+00:00
2024-03-10,2024-03-10 06:00:00+00:00,2024-03-10 11:53:00+00:00,2024-03-10 18:00:00+00:00
2024-03-11,2024-03-11 06:00:00+00:00,2024-03-11 11:52:00+00:00,2024-03-11 18:00:00+00:00
2024-03-12,2024-03-12 06:00:00+00:00,2024-03-12 11:52:00+00:00,2024-03-12 18:00:00+00:00
2024-03-13,2024-03-13 06:00:00+00:00,2024-03-13 11:52:00+00:00,2024-03-13 18:00:00+00:00
2024-03-14,2024-03-14 05:00:00+00:00,2024-03-14 11:52:00+00:00,2024-03-14 18:00:00+00:00
2024-03-15,2024-03-15 05:00:00+00:00,2024-03-15 11:51:00+00:00,2024-03-15 18:00:00+00:00
2024-03-16,2024-03-16 05:00:00+00:00,2024-03-16 11:51:00+00:00,2024-03-16 18:00:00+00:00
2024-03-17,2024-03-17 05:00:00+00:00,2024-03-17 11:51:00+00:00,2024-03-17 18:00:00+00:00
2024-03-18,2024-03-18 05:00:00+00:00,2024-03-18 11:50:00+00:00,2024-03-18 18:00:00+00:00
2024-03-19,2024-03-19 05:00:00+00:00,2024-03-19 11:50:00+00:00,2024-03-19 18:00:00+00:00
2024-03-20,2024-03-20 05:00:00+00:00,2024-03-20 11:50:00+00:00,2024-03-20 18:00:00+00:00
2024-03-21,2024-03-21 05:00:00+00:00,2024-03-21 11:50:00+00:00,2024-03-21 18:00:00+00:00
2024-03-22,2024-03-22 05:00:00+00:00,2024-03-22 11:49:00+00:00,2024-03-22 18:00:00+00:00
2024-03-23,2024-03-23 05:00:00+00:00,2024-03-23 11:49:00+00:00,2024-03-23 19:00:00+00:00
2024-03-24,2024-03-24 05:00:00+00:00,2024-03-24 11:49:00+00:00,2024-03-24 19:00:00+00:00
2024-03-25,2024-03-25 05:00:00+00:00,2024-03-25 11:48:00+00:00,2024-03-25 19:00:00+00:00
2024-03-26,2024-03-26 05:00:00+00:00,2024-03-26 11:48:00+00:00,2024-03-26 19:00:00+00:00
2024-03-27,2024-03-27 05:00:00+00:00,2024-03-27 11:48:00+00:00,2024-03-27 19:00:00+00:00
2024-03-28,2024-03-28 05:00:00+00:00,2024-03-28 11:47:00+00:00,2024-03-28 19:00:00+00:00
2024-03-29,2024-03-29 05:00:00+00:00,2024-03-29 11:47:00+00:00,2024-03-29 19:00:00+00:00
2024-03-30,2024-03-30 05:00:00+00:00,2024-03-30 11:47:00+00:00,2024-03-30 19:00:00+00:00
2024-03-31,2024-03-31 05:00:00+00:00,2024-03-31 11:47:00+00:00,2024-03-31 19:00:00+00:00
2024-04-01,2024-04-01 05:00:00+00:00,2024-04-01 11:46:00+00:00,2024-04-01 19:00:00+00:00
2024-04-02,2024-04-02 05:00:00+00:00,2024-04-02 11:46:00+00:00,2024-04-02 19:00:00+00:00
2024-04-03,2024-04-03 05:00:00+00:00,2024-04-03 11:46:00+00:00,2024-04-03 19:00:00+00:00
2024-04-04,2024-04-04 05:00:00+00:00,2024-04-04 11:45:00+00:00,2024-04-04 19:00:00+00:00
2024-04-05,2024-04-05 05:00:00+00:00,2024-04-05 11:45:00+00:00,2024-04-05 19:00:00+00:00
2024-04-06,2024-04-06 05:00:00+00:00,2024-04-06 11:45:00+00:00,2024-04-06 19:00:00+00:00
2024-04-07,2024-04-07 05:00:00+00:00,2024-04-07 11:45:00+00:00,2024-04-07 19:00:00+00:00
2024-04-08,2024-04-08 05:00:00+00:00,2024-04-08 11:44:00+00:00,2024-04-08 19:00:00+00:00
2024-04-09,2024-04-09 05:00:00+00:00,2024-04-09 11:44:00+00:00,2024-04-09 19:00:00+00:00
2024-04-10,2024-04-10 04:00:00+00:00,2024-04-10 11:44:00+00:00,2024-04-10 19:00:00+00:00
2024-04-11,2024-04-11 04:00:00+00:00,2024-04-11 11:43:00+00:00,2024-04-11 19:00:00+00:00
2024-04-12,2024-04-12 04:00:00+00:00,2024-04-12 11:43:00+00:00,2024-04-12 19:00:00+00:00
2024-04-13,2024-04-13 04:00:00+00:00,2024-04-13 11:43:00+00:00,2024-04-13 19:00:00+00:00
2024-04-14,2024-04-14 04:00:00+00:00,2024-04-14 11:43:00+00:00,2024-04-14 19:00:00+00:00
2024-04-15,2024-04-15 04:00:00+00:00,2024-04-15 11:42:00+00:00,2024-04-15 19:00:00+00:00
2024-04-16,2024-04-16 04:00:00+00:00,2024-04-16 11:42:00+00:00,2024-04-16 19:00:00+00:00
2024-04-17,2024-04-17 04:00:00+00:00,2024-04-17 11:42:00+00:00,2024-04-17 19:00:00+00:00
2024-04-18,2024-04-18 04:00:00+00:00,2024-04-18 11:42:00+00:00,2024-04-18 19:00:00+00:00
2024-04-19,2024-04-19 04:00:00+00:00,2024-04-19 11:42:00+00:00,2024-04-19 19:00:00+00:00
2024-04-20,2024-04-20 04:00:00+00:00,2024-04-20 11:41:00+00:00,2024-04-20 19:00:00+00:00
2024-04-21,2024-04-21 04:00:00+00:00,2024-04-21 11:41:00+00:00,2024-04-21 19:00:00+00:00
2024-04-22,2024-04-22 04:00:00+00:00,2024-04-22 11:41:00+00:00,2024-04-22 19:00:00+00:00
2024-04-23,2024-04-23 04:00:00+00:00,2024-04-23 11:41:00+00:00,2024-04-23 19:00:00+00:00
2024-04-24,2024-04-24 04:00:00+00:00,2024-04-24 11:41:00+00:00,2024-04-24 19:00:00+00:00
2024-04-25,2024-04-25 04:00:00+00:00,2024-04-25 11:40:00+00:00,2024-04-25 19:00:00+00:00
2024-04-26,2024-04-26 04:00:00+00:00,2024-04-26 11:40:00+00:00,2024-04-26 19:00:00+00:00
2024-04-27,2024-04-27 04:00:00+00:00,2024-04-27 11:40:00+00:00,2024-04-27 19:00:00+00:00
2024-04-28,2024-04-28 04:00:00+00:00,2024-04-28 11:40:00+00:00,2024-04-28 19:00:00+00:00
2024-04-29,2024-04-29 04:00:00+00:00,2024-04-29 11:40:00+00:00,2024-04-29 20:00:00+00:00
2024-04-30,2024-04-30 04:00:00+00:00,2024-04-30 11:40:00+00:00,2024-04-30 20:00:00+00:00
2024-05-01,2024-05-01 04:00:00+00:00,2024-05-01 11:40:00+00:00,2024-05-01 20:00:00+00:00
2024-05-02,2024-05-02 04:00:00+00:00,2024-05-02 11:39:00+00:00,2024-05-02 20:00:00+00:00
2024-05-03,2024-05-03 04:00:00+00:00,2024-05-03 11:39:00+00:00,2024-05-03 20:00:00+00:00
2024-05-04,2024-05-04 04:00:00+00:00,2024-05-04 11:39:00+00:00,2024-05-04 20:00:00+00:00
2024-05-05,2024-05-05 04:00:00+00:00,2024-05-05 11:39:00+00:00,2024-05-05 20:00:00+00:00
2024-05-06,2024-05-06 04:00:00+00:00,2024-05-06 11:39:00+00:00,2024-05-06 20:00:00+00:00
2024-05-07,2024-05-07 04:00:00+00:00,2024-05-07 11:39:00+00:00,2024-05-07 20:00:00+00:00
2024-05-08,2024-05-08 04:00:00+00:00,2024-05-08 11:39:00+00:00,2024-05-08 20:00:00+00:00
2024-05-09,2024-05-09 04:00:00+00:00,2024-05-09 11:39:00+00:00,2024-05-09 20:00:00+00:00
2024-05-10,2024-05-10 04:00:00+00:00,2024-05-10 11:39:00+00:00,2024-05-10 20:00:00+00:00
2024-05-11,2024-05-11 03:00:00+00:00,2024-05-11 11:39:00+00:00,2024-05-11 20:00:00+00:00
2024-05-12,2024-05-12 03:00:00+00:00,2024-05-12 11:39:00+00:00,2024-05-12 20:00:00+00:00
2024-05-13,2024-05-13 03:00:00+00:00,2024-05-13 11:39:00+00:00,2024-05-13 20:00:00+00:00
2024-05-14,2024-05-14 03:00:00+00:00,2024-05-14 11:39:00+00:00,2024-05-14 20:00:00+00:00
2024-05-15,2024-05-15 03:00:00+00:00,2024-05-15 11:39:00+00:00,2024-05-15 20:00:00+00:00
2024-05-16,2024-05-16 03:00:00+00:00,2024-05-16 11:39:00+00:00,2024-05-16 20:00:00+00:00
2024-05-17,2024-05-17 03:00:00+00:00,2024-05-17 11:39:00+00:00,2024-05-17 20:00:00+00:00
2024-05-18,2024-05-18 03:00:00+00:00,2024-05-18 11:39:00+00:00,2024-05-18 20:00:00+00:00
2024-05-19,2024-05-19 03:00:00+00:00,2024-05-19 11:39:00+00:00,2024-05-19 20:00:00+00:00
2024-05-20,2024-05-20 03:00:00+00:00,2024-05-20 11:39:00+00:00,2024-05-20 20:00:00+00:00
2024-05-21,2024-05-21 03:00:00+00:00,2024-05-21 11:39:00+00:00,2024-05-21 20:00:00+00:00
2024-05-22,2024-05-22 03:00:00+00:00,2024-05-22 11:39:00+00:00,2024-05-22 20:00:00+00:00
2024-05-23,2024-05-23 03:00:00+00:00,2024-05-23 11:39:00+00:00,2024-05-23 20:00:00+00:00
2024-05-24,2024-05-24 03:00:00+00:00,2024-05-24 11:39:00+00:00,2024-05-24 20:00:00+00:00
2024-05-25,2024-05-25 03:00:00+00:00,2024-05-25 11:40:00+00:00,2024-05-25 20:00:00+00:00
2024-05-26,2024-05-26 03:00:00+00:00,2024-05-26 11:40:00+00:00,2024-05-26 20:00:00+00:00
2024-05-27,2024-05-27 03:00:00+00:00,2024-05-27 11:40:00+00:00,2024-05-27 20:00:00+00:00
2024-05-28,2024-05-28 03:00:00+00:00,2024-05-28 11:40:00+00:00,2024-05-28 20:00:00+00:00
2024-05-29,2024-05-29 03:00:00+00:00,2024-05-29 11:40:00+00:00,2024-05-29 20:00:00+00:00
2024-05-30,2024-05-30 03:00:00+00:00,2024-05-30 11:40:00+00:00,2024-05-30 20:00:00+00:00
2024-05-31,2024-05-31 03:00:00+00:00,2024-05-31 11:40:00+00:00,2024-05-31 20:00:00+00:00
2024-06-01,2024-06-01 03:00:00+00:00,2024-06-01 11:40:00+00:00,2024-06-01 20:00:00+00:00
2024-06-02,2024-06-02 03:00:00+00:00,2024-06-02 11:41:00+00:00,2024-06-02 20:00:00+00:00
2024-06-03,2024-06-03 03:00:00+00:00,2024-06-03 11:41:00+00:00,2024-06-03 20:00:00+00:00
2024-06-04,2024-06-04 03:00:00+00:00,2024-06-04 11:41:00+00:00,2024-06-04 20:00:00+00:00
2024-06-05,2024-06-05 03:00:00+00:00,2024-06-05 11:41:00+00:00,2024-06-05 20:00:00+00:00
2024-06-06,2024-06-06 03:00:00+00:00,2024-06-06 11:41:00+00:00,2024-06-06 20:00:00+00:00
2024-06-07,2024-06-07 03:00:00+00:00,2024-06-07 11:42:00+00:00,2024-06-07 20:00:00+00:00
2024-06-08,2024-06-08 03:00:00+00:00,2024-06-08 11:42:00+00:00,2024-06-08 20:00:00+00:00
2024-06-09,2024-06-09 03:00:00+00:00,2024-06-09 11:42:00+00:00,2024-06-09 20:00:00+00:00
2024-06-10,2024-06-10 03:00:00+00:00,2024-06-10 11:42:00+00:00,2024-06-10 20:00:00+00:00
2024-06-11,2024-06-11 03:00:00+00:00,2024-06-11 11:42:00+00:00,2024-06-11 20:00:00+00:00
2024-06-12,2024-06-12 03:00:00+00:00,2024-06-12 11:43:00+00:00,2024-06-12 20:00:00+00:00
2024-06-13,2024-06-13 03:00:00+00:00,2024-06-13 11:43:00+00:00,2024-06-13 20:00:00+00:00
2024-06-14,2024-06-14 03:00:00+00:00,2024-06-14 11:43:00+00:00,2024-06-14 20:00:00+00:00
2024-06-15,2024-06-15 03:00:00+00:00,2024-06-15 11:43:00+00:00,2024-06-15 20:00:00+00:00
2024-06-16,2024-06-16 03:00:00+00:00,2024-06-16 11:43:00+00:00,2024-06-16 20:00:00+00:00
2024-06-17,2024-06-17 03:00:00+00:00,2024-06-17 11:44:00+00:00,2024-06-17 20:00:00+00:00
2024-06-18,2024-06-18 03:00:00+00:00,2024-06-18 11:44:00+00:00,2024-06-18 20:00:00+00:00
2024-06-19,2024-06-19 03:00:00+00:00,2024-06-19 11:44:00+00:00,2024-06-19 20:00:00+00:00
2024-06-20,2024-06-20 03:00:00+00:00,2024-06-20 11:44:00+00:00,2024-06-20 20:00:00+00:00
2024-06-21,2024-06-21 03:00:00+00:00,2024-06-21 11:44:00+00:00,2024-06-21 20:00:00+00:00
2024-06-22,2024-06-22 03:00:00+00:00,2024-06-22 11:45:00+00:00,2024-06-22 20:00:00+00:00
2024-06-23,2024-06-23 03:00:00+00:00,2024-06-23 11:45:00+00:00,2024-06-23 20:00:00+00:00
2024-06-24,2024-06-24 03:00:00+00:00,2024-06-24 11:45:00+00:00,2024-06-24 20:00:00+00:00
2024-06-25,2024-06-25 03:00:00+00:00,2024-06-25 11:45:00+00:00,2024-06-25 20:00:00+00:00
2024-06-26,2024-06-26 03:00:00+00:00,2024-06-26 11:46:00+00:00,2024-06-26 20:00:00+00:00
2024-06-27,2024-06-27 03:00:00+00:00,2024-06-27 11:46:00+00:00,2024-06-27 20:00:00+00:00
2024-06-28,2024-06-28 03:00:00+00:00,2024-06-28 11:46:00+00:00,2024-06-28 20:00:00+00:00
2024-06-29,2024-06-29 03:00:00+00:00,2024-06-29 11:46:00+00:00,2024-06-29 20:00:00+00:00
2024-06-30,2024-06-30 03:00:00+00:00,2024-06-30 11:46:00+00:00,2024-06-30 20:00:00+00:00
2024-07-01,2024-07-01 03:00:00+00:00,2024-07-01 11:47:00+00:00,2024-07-01 20:00:00+00:00
2024-07-02,2024-07-02 03:00:00+00:00,2024-07-02 11:47:00+00:00,2024-07-02 20:00:00+00:00
2024-07-03,2024-07-03 03:00:00+00:00,2024-07-03 11:47:00+00:00,2024-07-03 20:00:00+00:00
2024-07-04,2024-07-04 03:00:00+00:00,2024-07-04 11:47:00+00:00,2024-07-04 20:00:00+00:00
2024-07-05,2024-07-05 03:00:00+00:00,2024-07-05 11:47:00+00:00,2024-07-05 20:00:00+00:00
2024-07-06,2024-07-06 03:00:00+00:00,2024-07-06 11:47:00+00:00,2024-07-06 20:00:00+00:00
2024-07-07,2024-07-07 03:00:00+00:00,2024-07-07 11:48:00+00:00,2024-07-07 20:00:00+00:00
2024-07-08,2024-07-08 03:00:00+00:00,2024-07-08 11:48:00+00:00,2024-07-08 20:00:00+00:00
2024-07-09,2024-07-09 03:00:00+00:00,2024-07-09 11:48:00+00:00,2024-07-09 20:00:00+00:00
2024-07-10,2024-07-10 03:00:00+00:00,2024-07-10 11:48:00+00:00,2024-07-10 20:00:00+00:00
2024-07-11,2024-07-11 03:00:00+00:00,2024-07-11 11:48:00+00:00,2024-07-11 20:00:00+00:00
2024-07-12,2024-07-12 03:00:00+00:00,2024-07-12 11:48:00+00:00,2024-07-12 20:00:00+00:00
2024-07-13,2024-07-13 03:00:00+00:00,2024-07-13 11:48:00+00:00,2024-07-13 20:00:00+00:00
2024-07-14,2024-07-14 03:00:00+00:00,2024-07-14 11:49:00+00:00,2024-07-14 20:00:00+00:00
2024-07-15,2024-07-15 03:00:00+00:00,2024-07-15 11:49:00+00:00,2024-07-15 20:00:00+00:00
2024-07-16,2024-07-16 03:00:00+00:00,2024-07-16 11:49:00+00:00,2024-07-16 20:00:00+00:00
2024-07-17,2024-07-17 03:00:00+00:00,2024-07-17 11:49:00+00:00,2024-07-17 20:00:00+00:00
2024-07-18,2024-07-18 03:00:00+00:00,2024-07-18 11:49:00+00:00,2024-07-18 20:00:00+00:00
2024-07-19,2024-07-19 03:00:00+00:00,2024-07-19 11:49:00+00:00,2024-07-19 20:00:00+00:00
2024-07-20,2024-07-20 03:00:00+00:00,2024-07-20 11:49:00+00:00,2024-07-20 20:00:00+00:00
2024-07-21,2024-07-21 03:00:00+00:00,2024-07-21 11:49:00+00:00,2024-07-21 20:00:00+00:00
2024-07-22,2024-07-22 03:00:00+00:00,2024-07-22 11:49:00+00:00,2024-07-22 20:00:00+00:00
2024-07-23,2024-07-23 03:00:00+00:00,2024-07-23 11:49:00+00:00,2024-07-23 20:00:00+00:00
2024-07-24,2024-07-24 03:00:00+00:00,2024-07-24 11:49:00+00:00,2024-07-24 20:00:00+00:00
2024-07-25,2024-07-25 04:00:00+00:00,2024-07-25 11:49:00+00:00,2024-07-25 20:00:00+00:00
2024-07-26,2024-07-26 04:00:00+00:00,2024-07-26 11:49:00+00:00,2024-07-26 20:00:00+00:00
2024-07-27,2024-07-27 04:00:00+00:00,2024-07-27 11:49:00+00:00,2024-07-27 20:00:00+00:00
2024-07-28,2024-07-28 04:00:00+00:00,2024-07-28 11:49:00+00:00,2024-07-28 20:00:00+00:00
2024-07-29,2024-07-29 04:00:00+00:00,2024-07-29 11:49:00+00:00,2024-07-29 20:00:00+00:00
2024-07-30,2024-07-30 04:00:00+00:00,2024-07-30 11:49:00+00:00,2024-07-30 20:00:00+00:00
2024-07-31,2024-07-31 04:00:00+00:00,2024-07-31 11:49:00+00:00,2024-07-31 20:00:00+00:00
2024-08-01,2024-08-01 04:00:00+00:00,2024-08-01 11:49:00+00:00,2024-08-01 20:00:00+00:00
2024-08-02,2024-08-02 04:00:00+00:00,2024-08-02 11:49:00+00:00,2024-08-02 20:00:00+00:00
2024-08-03,2024-08-03 04:00:00+00:00,2024-08-03 11:49:00+00:00,2024-08-03 20:00:00+00:00
2024-08-04,2024-08-04 04:00:00+00:00,2024-08-04 11:49:00+00:00,2024-08-04 20:00:00+00:00
2024-08-05,2024-08-05 04:00:00+00:00,2024-08-05 11:49:00+00:00,2024-08-05 20:00:00+00:00
2024-08-06,2024-08-06 04:00:00+00:00,2024-08-06 11:48:00+00:00,2024-08-06 20:00:00+00:00
2024-08-07,2024-08-07 04:00:00+00:00,2024-08-07 11:48:00+00:00,2024-08-07 20:00:00+00:00
2024-08-08,2024-08-08 04:00:00+00:00,2024-08-08 11:48:00+00:00,2024-08-08 20:00:00+00:00
2024-08-09,2024-08-09 04:00:00+00:00,2024-08-09 11:48:00+00:00,2024-08-09 20:00:00+00:00
2024-08-10,2024-08-10 04:00:00+00:00,2024-08-10 11:48:00+00:00,2024-08-10 20:00:00+00:00
2024-08-11,2024-08-11 04:00:00+00:00,2024-08-11 11:48:00+00:00,2024-08-11 20:00:00+00:00
2024-08-12,2024-08-12 04:00:00+00:00,2024-08-12 11:48:00+00:00,2024-08-12 20:00:00+00:00
2024-08-13,2024-08-13 04:00:00+00:00,2024-08-13 11:47:00+00:00,2024-08-13 20:00:00+00:00
2024-08-14,2024-08-14 04:00:00+00:00,2024-08-14 11:47:00+00:00,2024-08-14 20:00:00+00:00
2024-08-15,2024-08-15 04:00:00+00:00,2024-08-15 11:47:00+00:00,2024-08-15 20:00:00+00:00
2024-08-16,2024-08-16 04:00:00+00:00,2024-08-16 11:47:00+00:00,2024-08-16 19:00:00+00:00
2024-08-17,2024-08-17 04:00:00+00:00,2024-08-17 11:47:00+00:00,2024-08-17 19:00:00+00:00
2024-08-18,2024-08-18 04:00:00+00:00,2024-08-18 11:46:00+00:00,2024-08-18 19:00:00+00:00
2024-08-19,2024-08-19 04:00:00+00:00,2024-08-19 11:46:00+00:00,2024-08-19 19:00:00+00:00
2024-08-20,2024-08-20 04:00:00+00:00,2024-08-20 11:46:00+00:00,2024-08-20 19:00:00+00:00
2024-08-21,2024-08-21 04:00:00+00:00,2024-08-21 11:46:00+00:00,2024-08-21 19:00:00+00:00
2024-08-22,2024-08-22 04:00:00+00:00,2024-08-22 11:45:00+00:00,2024-08-22 19:00:00+00:00
2024-08-23,2024-08-23 04:00:00+00:00,2024-08-23 11:45:00+00:00,2024-08-23 19:00:00+00:00
2024-08-24,2024-08-24 04:00:00+00:00,2024-08-24 11:45:00+00:00,2024-08-24 19:00:00+00:00
2024-08-25,2024-08-25 04:00:00+00:00,2024-08-25 11:45:00+00:00,2024-08-25 19:00:00+00:00
2024-08-26,2024-08-26 04:00:00+00:00,2024-08-26 11:44:00+00:00,2024-08-26 19:00:00+00:00
2024-08-27,2024-08-27 04:00:00+00:00,2024-08-27 11:44:00+00:00,2024-08-27 19:00:00+00:00
2024-08-28,2024-08-28 04:00:00+00:00,2024-08-28 11:44:00+00:00,2024-08-28 19:00:00+00:00
2024-08-29,2024-08-29 04:00:00+00:00,2024-08-29 11:43:00+00:00,2024-08-29 19:00:00+00:00
2024-08-30,2024-08-30 04:00:00+00:00,2024-08-30 11:43:00+00:00,2024-08-30 19:00:00+00:00
2024-08-31,2024-08-31 04:00:00+00:00,2024-08-31 11:43:00+00:00,2024-08-31 19:00:00+00:00
2024-09-01,2024-09-01 04:00:00+00:00,2024-09-01 11:42:00+00:00,2024-09-01 19:00:00+00:00
2024-09-02,2024-09-02 04:00:00+00:00,2024-09-02 11:42:00+00:00,2024-09-02 19:00:00+00:00
2024-09-03,2024-09-03 05:00:00+00:00,2024-09-03 11:42:00+00:00,2024-09-03 19:00:00+00:00
2024-09-04,2024-09-04 05:00:00+00:00,2024-09-04 11:41:00+00:00,2024-09-04 19:00:00+00:00
2024-09-05,2024-09-05 05:00:00+00:00,2024-09-05 11:41:00+00:00,2024-09-05 19:00:00+00:00
2024-09-06,2024-09-06 05:00:00+00:00,2024-09-06 11:41:00+00:00,2024-09-06 19:00:00+00:00
2024-09-07,2024-09-07 05:00:00+00:00,2024-09-07 11:40:00+00:00,2024-09-07 19:00:00+00:00
2024-09-08,2024-09-08 05:00:00+00:00,2024-09-08 11:40:00+00:00,2024-09-08 19:00:00+00:00
2024-09-09,2024-09-09 05:00:00+00:00,2024-09-09 11:40:00+00:00,2024-09-09 19:00:00+00:00
2024-09-10,2024-09-10 05:00:00+00:00,2024-09-10 11:39:00+00:00,2024-09-10 19:00:00+00:00
2024-09-11,2024-09-11 05:00:00+00:00,2024-09-11 11:39:00+00:00,2024-09-11 19:00:00+00:00
2024-09-12,2024-09-12 05:00:00+00:00,2024-09-12 11:39:00+00:00,2024-09-12 19:00:00+00:00
2024-09-13,2024-09-13 05:00:00+00:00,2024-09-13 11:38:00+00:00,2024-09-13 18:00:00+00:00
2024-09-14,2024-09-14 05:00:00+00:00,2024-09-14 11:38:00+00:00,2024-09-14 18:00:00+00:00
2024-09-15,2024-09-15 05:00:00+00:00,2024-09-15 11:38:00+00:00,2024-09-15 18:00:00+00:00
2024-09-16,2024-09-16 05:00:00+00:00,2024-09-16 11:37:00+00:00,2024-09-16 18:00:00+00:00
2024-09-17,2024-09-17 05:00:00+00:00,2024-09-17 11:37:00+00:00,2024-09-17 18:00:00+00:00
2024-09-18,2024-09-18 05:00:00+00:00,2024-09-18 11:37:00+00:00,2024-09-18 18:00:00+00:00
2024-09-19,2024-09-19 05:00:00+00:00,2024-09-19 11:36:00+00:00,2024-09-19 18:00:00+00:00
2024-09-20,2024-09-20 05:00:00+00:00,2024-09-20 11:36:00+00:00,2024-09-20 18:00:00+00:00
2024-09-21,2024-09-21 05:00:00+00:00,2024-09-21 11:35:00+00:00,2024-09-21 18:00:00+00:00
2024-09-22,2024-09-22 05:00:00+00:00,2024-09-22 11:35:00+00:00,2024-09-22 18:00:00+00:00
2024-09-23,2024-09-23 05:00:00+00:00,2024-09-23 11:35:00+00:00,2024-09-23 18:00:00+00:00
2024-09-24,2024-09-24 05:00:00+00:00,2024-09-24 11:34:00+00:00,2024-09-24 18:00:00+00:00
2024-09-25,2024-09-25 05:00:00+00:00,2024-09-25 11:34:00+00:00,2024-09-25 18:00:00+00:00
2024-09-26,2024-09-26 05:00:00+00:00,2024-09-26 11:34:00+00:00,2024-09-26 18:00:00+00:00
2024-09-27,2024-09-27 05:00:00+00:00,2024-09-27 11:33:00+00:00,2024-09-27 18:00:00+00:00
2024-09-28,2024-09-28 05:00:00+00:00,2024-09-28 11:33:00+00:00,2024-09-28 18:00:00+00:00
2024-09-29,2024-09-29 05:00:00+00:00,2024-09-29 11:33:00+00:00,2024-09-29 18:00:00+00:00
2024-09-30,2024-09-30 05:00:00+00:00,2024-09-30 11:32:00+00:00,2024-09-30 18:00:00+00:00
2024-10-01,2024-10-01 05:00:00+00:00,2024-10-01 11:32:00+00:00,2024-10-01 18:00:00+00:00
2024-10-02,2024-10-02 05:00:00+00:00,2024-10-02 11:32:00+00:00,2024-10-02 18:00:00+00:00
2024-10-03,2024-10-03 05:00:00+00:00,2024-10-03 11:31:00+00:00,2024-10-03 18:00:00+00:00
2024-10-04,2024-10-04 05:00:00+00:00,2024-10-04 11:31:00+00:00,2024-10-04 18:00:00+00:00
2024-10-05,2024-10-05 05:00:00+00:00,2024-10-05 11:31:00+00:00,2024-10-05 18:00:00+00:00
2024-10-06,2024-10-06 05:00:00+00:00,2024-10-06 11:31:00+00:00,2024-10-06 18:00:00+00:00
2024-10-07,2024-10-07 05:00:00+00:00,2024-10-07 11:30:00+00:00,2024-10-07 18:00:00+00:00
2024-10-08,2024-10-08 05:00:00+00:00,2024-10-08 11:30:00+00:00,2024-10-08 18:00:00+00:00
2024-10-09,2024-10-09 05:00:00+00:00,2024-10-09 11:30:00+00:00,2024-10-09 18:00:00+00:00
2024-10-10,2024-10-10 05:00:00+00:00,2024-10-10 11:29:00+00:00,2024-10-10 17:00:00+00:00
2024-10-11,2024-10-11 06:00:00+00:00,2024-10-11 11:29:00+00:00,2024-10-11 17:00:00+00:00
2024-10-12,2024-10-12 06:00:00+00:00,2024-10-12 11:29:00+00:00,2024-10-12 17:00:00+00:00
2024-10-13,2024-10-13 06:00:00+00:00,2024-10-13 11:29:00+00:00,2024-10-13 17:00:00+00:00
2024-10-14,2024-10-14 06:00:00+00:00,2024-10-14 11:28:00+00:00,2024-10-14 17:00:00+00:00
2024-10-15,2024-10-15 06:00:00+00:00,2024-10-15 11:28:00+00:00,2024-10-15 17:00:00+00:00
2024-10-16,2024-10-16 06:00:00+00:00,2024-10-16 11:28:00+00:00,2024-10-16 17:00:00+00:00
2024-10-17,2024-10-17 06:00:00+00:00,2024-10-17 11:28:00+00:00,2024-10-17 17:00:00+00:00
2024-10-18,2024-10-18 06:00:00+00:00,2024-10-18 11:28:00+00:00,2024-10-18 17:00:00+00:00
2024-10-19,2024-10-19 06:00:00+00:00,2024-10-19 11:27:00+00:00,2024-10-19 17:00:00+00:00
2024-10-20,2024-10-20 06:00:00+00:00,2024-10-20 11:27:00+00:00,2024-10-20 17:00:00+00:00
2024-10-21,2024-10-21 06:00:00+00:00,2024-10-21 11:27:00+00:00,2024-10-21 17:00:00+00:00
2024-10-22,2024-10-22 06:00:00+00:00,2024-10-22 11:27:00+00:00,2024-10-22 17:00:00+00:00
2024-10-23,2024-10-23 06:00:00+00:00,2024-10-23 11:27:00+00:00,2024-10-23 17:00:00+00:00
2024-10-24,2024-10-24 06:00:00+00:00,2024-10-24 11:27:00+00:00,2024-10-24 17:00:00+00:00
2024-10-25,2024-10-25 06:00:00+00:00,2024-10-25 11:27:00+00:00,2024-10-25 17:00:00+00:00
2024-10-26,2024-10-26 06:00:00+00:00,2024-10-26 11:26:00+00:00,2024-10-26 17:00:00+00:00
2024-10-27,2024-10-27 06:00:00+00:00,2024-10-27 11:26:00+00:00,2024-10-27 17:00:00+00:00
2024-10-28,2024-10-28 06:00:00+00:00,2024-10-28 11:26:00+00:00,2024-10-28 17:00:00+00:00
2024-10-29,2024-10-29 06:00:00+00:00,2024-10-29 11:26:00+00:00,2024-10-29 17:00:00+00:00
2024-10-30,2024-10-30 06:00:00+00:00,2024-10-30 11:26:00+00:00,2024-10-30 17:00:00+00:00
2024-10-31,2024-10-31 06:00:00+00:00,2024-10-31 11:26:00+00:00,2024-10-31 17:00:00+00:00
2024-11-01,2024-11-01 06:00:00+00:00,2024-11-01 11:26:00+00:00,2024-11-01 17:00:00+00:00
2024-11-02,2024-11-02 06:00:00+00:00,2024-11-02 11:26:00+00:00,2024-11-02 17:00:00+00:00
2024-11-03,2024-11-03 06:00:00+00:00,2024-11-03 11:26:00+00:00,2024-11-03 17:00:00+00:00
2024-11-04,2024-11-04 06:00:00+00:00,2024-11-04 11:26:00+00:00,2024-11-04 17:00:00+00:00
2024-11-05,2024-11-05 06:00:00+00:00,2024-11-05 11:26:00+00:00,2024-11-05 17:00:00+00:00
2024-11-06,2024-11-06 06:00:00+00:00,2024-11-06 11:26:00+00:00,2024-11-06 17:00:00+00:00
2024-11-07,2024-11-07 06:00:00+00:00,2024-11-07 11:26:00+00:00,2024-11-07 17:00:00+00:00
2024-11-08,2024-11-08 06:00:00+00:00,2024-11-08 11:26:00+00:00,2024-11-08 17:00:00+00:00
2024-11-09,2024-11-09 06:00:00+00:00,2024-11-09 11:26:00+00:00,2024-11-09 17:00:00+00:00
2024-11-10,2024-11-10 06:00:00+00:00,2024-11-10 11:27:00+00:00,2024-11-10 17:00:00+00:00
2024-11-11,2024-11-11 06:00:00+00:00,2024-11-11 11:27:00+00:00,2024-11-11 17:00:00+00:00
2024-11-12,2024-11-12 06:00:00+00:00,2024-11-12 11:27:00+00:00,2024-11-12 16:00:00+00:00
2024-11-13,2024-11-13 06:00:00+00:00,2024-11-13 11:27:00+00:00,2024-11-13 16:00:00+00:00
2024-11-14,2024-11-14 06:00:00+00:00,2024-11-14 11:27:00+00:00,2024-11-14 16:00:00+00:00
2024-11-15,2024-11-15 06:00:00+00:00,2024-11-15 11:27:00+00:00,2024-11-15 16:00:00+00:00
2024-11-16,2024-11-16 07:00:00+00:00,2024-11-16 11:27:00+00:00,2024-11-16 16:00:00+00:00
2024-11-17,2024-11-17 07:00:00+00:00,2024-11-17 11:28:00+00:00,2024-11-17 16:00:00+00:00
2024-11-18,2024-11-18 07:00:00+00:00,2024-11-18 11:28:00+00:00,2024-11-18 16:00:00+00:00
2024-11-19,2024-11-19 07:00:00+00:00,2024-11-19 11:28:00+00:00,2024-11-19 16:00:00+00:00
2024-11-20,2024-11-20 07:00:00+00:00,2024-11-20 11:28:00+00:00,2024-11-20 16:00:00+00:00
2024-11-21,2024-11-21 07:00:00+00:00,2024-11-21 11:29:00+00:00,2024-11-21 16:00:00+00:00
2024-11-22,2024-11-22 07:00:00+00:00,2024-11-22 11:29:00+00:00,2024-11-22 16:00:00+00:00
2024-11-23,2024-11-23 07:00:00+00:00,2024-11-23 11:29:00+00:00,2024-11-23 16:00:00+00:00
2024-11-24,2024-11-24 07:00:00+00:00,2024-11-24 11:29:00+00:00,2024-11-24 16:00:00+00:00
2024-11-25,2024-11-25 07:00:00+00:00,2024-11-25 11:30:00+00:00,2024-11-25 16:00:00+00:00
2024-11-26,2024-11-26 07:00:00+00:00,2024-11-26 11:30:00+00:00,2024-11-26 16:00:00+00:00
2024-11-27,2024-11-27 07:00:00+00:00,2024-11-27 11:30:00+00:00,2024-11-27 16:00:00+00:00
2024-11-28,2024-11-28 07:00:00+00:00,2024-11-28 11:31:00+00:00,2024-11-28 16:00:00+00:00
2024-11-29,2024-11-29 07:00:00+00:00,2024-11-29 11:31:00+00:00,2024-11-29 16:00:00+00:00
2024-11-30,2024-11-30 07:00:00+00:00,2024-11-30 11:31:00+00:00,2024-11-30 16:00:00+00:00
2024-12-01,2024-12-01 07:00:00+00:00,2024-12-01 11:32:00+00:00,2024-12-01 16:00:00+00:00
2024-12-02,2024-12-02 07:00:00+00:00,2024-12-02 11:32:00+00:00,2024-12-02 16:00:00+00:00
2024-12-03,2024-12-03 07:00:00+00:00,2024-12-03 11:33:00+00:00,2024-12-03 16:00:00+00:00
2024-12-04,2024-12-04 07:00:00+00:00,2024-12-04 11:33:00+00:00,2024-12-04 16:00:00+00:00
2024-12-05,2024-12-05 07:00:00+00:00,2024-12-05 11:33:00+00:00,2024-12-05 16:00:00+00:00
2024-12-06,2024-12-06 07:00:00+00:00,2024-12-06 11:34:00+00:00,2024-12-06 16:00:00+00:00
2024-12-07,2024-12-07 07:00:00+00:00,2024-12-07 11:34:00+00:00,2024-12-07 16:00:00+00:00
2024-12-08,2024-12-08 07:00:00+00:00,2024-12-08 11:35:00+00:00,2024-12-08 16:00:00+00:00
2024-12-09,2024-12-09 07:00:00+00:00,2024-12-09 11:35:00+00:00,2024-12-09 16:00:00+00:00
2024-12-10,2024-12-10 07:00:00+00:00,2024-12-10 11:36:00+00:00,2024-12-10 16:00:00+00:00
2024-12-11,2024-12-11 07:00:00+00:00,2024-12-11 11:36:00+00:00,2024-12-11 16:00:00+00:00
2024-12-12,2024-12-12 07:00:00+00:00,2024-12-12 11:36:00+00:00,2024-12-12 16:00:00+00:00
2024-12-13,2024-12-13 07:00:00+00:00,2024-12-13 11:37:00+00:00,2024-12-13 16:00:00+00:00
2024-12-14,2024-12-14 07:00:00+00:00,2024-12-14 11:37:00+00:00,2024-12-14 16:00:00+00:00
2024-12-15,2024-12-15 07:00:00+00:00,2024-12-15 11:38:00+00:00,2024-12-15 16:00:00+00:00
2024-12-16,2024-12-16 07:00:00+00:00,2024-12-16 11:38:00+00:00,2024-12-16 16:00:00+00:00
2024-12-17,2024-12-17 07:00:00+00:00,2024-12-17 11:39:00+00:00,2024-12-17 16:00:00+00:00
2024-12-18,2024-12-18 07:00:00+00:00,2024-12-18 11:39:00+00:00,2024-12-18 16:00:00+00:00
2024-12-19,2024-12-19 07:00:00+00:00,2024-12-19 11:40:00+00:00,2024-12-19 16:00:00+00:00
2024-12-20,2024-12-20 07:00:00+00:00,2024-12-20 11:40:00+00:00,2024-12-20 16:00:00+00:00
2024-12-21,2024-12-21 07:00:00+00:00,2024-12-21 11:41:00+00:00,2024-12-21 16:00:00+00:00
2024-12-22,2024-12-22 07:00:00+00:00,2024-12-22 11:41:00+00:00,2024-12-22 16:00:00+00:00
2024-12-23,2024-12-23 07:00:00+00:00,2024-12-23 11:42:00+00:00,2024-12-23 16:00:00+00:00
2024-12-24,2024-12-24 07:00:00+00:00,2024-12-24 11:42:00+00:00,2024-12-24 16:00:00+00:00
2024-12-25,2024-12-25 07:00:00+00:00,2024-12-25 11:43:00+00:00,2024-12-25 16:00:00+00:00
2024-12-26,2024-12-26 07:00:00+00:00,2024-12-26 11:43:00+00:00,2024-12-26 16:00:00+00:00
2024-12-27,2024-12-27 07:00:00+00:00,2024-12-27 11:44:00+00:00,2024-12-27 16:00:00+00:00
2024-12-28,2024-12-28 07:00:00+00:00,2024-12-28 11:44:00+00:00,2024-12-28 16:00:00+00:00
2024-12-29,2024-12-29 07:00:00+00:00,2024-12-29 11:45:00+00:00,2024-12-29 16:00:00+00:00
2024-12-30,2024-12-30 07:00:00+00:00,2024-12-30 11:45:00+00:00,2024-12-30 16:00:00+00:00
2024-12-31,2024-12-31 07:00:00+00:00,2024-12-31 11:46:00+00:00,2024-12-31 16:00:00+00:00
